concept_name,set_id,locked_spl_version,section_index,depth,code,display_name,title,text_node_count,direct_subsection_count,char_count_direct_text
acetaminophen,ee50c5ee-1a61-4efc-aca9-42d897d6a3b8,8,1,0,48780-1,SPL product data elements section,,0,0,0
acetaminophen,ee50c5ee-1a61-4efc-aca9-42d897d6a3b8,8,2,0,55106-9,OTC - ACTIVE INGREDIENT SECTION,Drug Facts,1,0,55
acetaminophen,ee50c5ee-1a61-4efc-aca9-42d897d6a3b8,8,3,0,55105-1,OTC - PURPOSE SECTION,,1,0,36
acetaminophen,ee50c5ee-1a61-4efc-aca9-42d897d6a3b8,8,4,0,34067-9,INDICATIONS & USAGE SECTION,Uses,1,0,211
acetaminophen,ee50c5ee-1a61-4efc-aca9-42d897d6a3b8,8,5,0,34071-1,WARNINGS SECTION,,1,7,675
acetaminophen,ee50c5ee-1a61-4efc-aca9-42d897d6a3b8,8,6,1,50570-1,OTC - DO NOT USE SECTION,Do not use ,1,0,258
acetaminophen,ee50c5ee-1a61-4efc-aca9-42d897d6a3b8,8,7,1,50569-3,OTC - ASK DOCTOR SECTION,,1,0,49
acetaminophen,ee50c5ee-1a61-4efc-aca9-42d897d6a3b8,8,8,1,50568-5,OTC - ASK DOCTOR/PHARMACIST SECTION,,1,0,88
acetaminophen,ee50c5ee-1a61-4efc-aca9-42d897d6a3b8,8,9,1,50566-9,OTC - STOP USE SECTION,,1,0,298
acetaminophen,ee50c5ee-1a61-4efc-aca9-42d897d6a3b8,8,10,1,53414-9,OTC - PREGNANCY OR BREAST FEEDING SECTION,,1,0,68
acetaminophen,ee50c5ee-1a61-4efc-aca9-42d897d6a3b8,8,11,1,50565-1,OTC - KEEP OUT OF REACH OF CHILDREN SECTION,,1,0,30
acetaminophen,ee50c5ee-1a61-4efc-aca9-42d897d6a3b8,8,12,1,34088-5,OVERDOSAGE SECTION,Overdose warning,1,0,310
acetaminophen,ee50c5ee-1a61-4efc-aca9-42d897d6a3b8,8,13,0,34068-7,DOSAGE & ADMINISTRATION SECTION,Directions,1,0,530
acetaminophen,ee50c5ee-1a61-4efc-aca9-42d897d6a3b8,8,14,0,60561-8,OTHER SAFETY INFORMATION,Other information,1,0,48
acetaminophen,ee50c5ee-1a61-4efc-aca9-42d897d6a3b8,8,15,0,51727-6,INACTIVE INGREDIENT SECTION,,1,0,71
acetaminophen,ee50c5ee-1a61-4efc-aca9-42d897d6a3b8,8,16,0,53413-1,OTC - QUESTIONS SECTION,Questions or comments?,1,0,14
acetaminophen,ee50c5ee-1a61-4efc-aca9-42d897d6a3b8,8,17,0,42229-5,SPL UNCLASSIFIED SECTION,,1,0,552
acetaminophen,ee50c5ee-1a61-4efc-aca9-42d897d6a3b8,8,18,0,51945-4,PACKAGE LABEL.PRINCIPAL DISPLAY PANEL,Principal Display Panel,1,0,100
ibuprofen,9ce036ef-a22d-4fca-9a62-1b10978f7b26,9,1,0,48780-1,SPL PRODUCT DATA ELEMENTS SECTION,,0,0,0
ibuprofen,9ce036ef-a22d-4fca-9a62-1b10978f7b26,9,2,0,34066-1,BOXED WARNING SECTION,,1,0,822
ibuprofen,9ce036ef-a22d-4fca-9a62-1b10978f7b26,9,3,0,34089-3,DESCRIPTION SECTION,DESCRIPTION,1,0,739
ibuprofen,9ce036ef-a22d-4fca-9a62-1b10978f7b26,9,4,0,34090-1,CLINICAL PHARMACOLOGY SECTION,CLINICAL PHARMACOLOGY,1,0,5904
ibuprofen,9ce036ef-a22d-4fca-9a62-1b10978f7b26,9,5,0,34067-9,INDICATIONS & USAGE SECTION,INDICATIONS AND USAGE,1,0,647
ibuprofen,9ce036ef-a22d-4fca-9a62-1b10978f7b26,9,6,0,34070-3,CONTRAINDICATIONS SECTION,CONTRAINDICATIONS,1,0,536
ibuprofen,9ce036ef-a22d-4fca-9a62-1b10978f7b26,9,7,0,34071-1,WARNINGS SECTION,WARNINGS,1,0,11673
ibuprofen,9ce036ef-a22d-4fca-9a62-1b10978f7b26,9,8,0,42232-9,PRECAUTIONS SECTION,PRECAUTIONS,0,9,0
ibuprofen,9ce036ef-a22d-4fca-9a62-1b10978f7b26,9,9,1,34072-9,GENERAL PRECAUTIONS SECTION,General,1,0,4177
ibuprofen,9ce036ef-a22d-4fca-9a62-1b10978f7b26,9,10,1,34076-0,INFORMATION FOR PATIENTS SECTION,Information for Patients,1,0,3171
ibuprofen,9ce036ef-a22d-4fca-9a62-1b10978f7b26,9,11,1,34075-2,LABORATORY TESTS SECTION,Laboratory Tests,1,0,486
ibuprofen,9ce036ef-a22d-4fca-9a62-1b10978f7b26,9,12,1,34073-7,DRUG INTERACTIONS SECTION,Drug Interactions,1,0,3742
ibuprofen,9ce036ef-a22d-4fca-9a62-1b10978f7b26,9,13,1,42228-7,PREGNANCY SECTION,Pregnancy,1,0,4809
ibuprofen,9ce036ef-a22d-4fca-9a62-1b10978f7b26,9,14,1,34079-4,LABOR & DELIVERY SECTION,Labor and Delivery,1,0,269
ibuprofen,9ce036ef-a22d-4fca-9a62-1b10978f7b26,9,15,1,34080-2,NURSING MOTHERS SECTION,Nursing Mothers,1,0,352
ibuprofen,9ce036ef-a22d-4fca-9a62-1b10978f7b26,9,16,1,34081-0,PEDIATRIC USE SECTION,Pediatric Use,1,0,94
ibuprofen,9ce036ef-a22d-4fca-9a62-1b10978f7b26,9,17,1,34082-8,GERIATRIC USE SECTION,Geriatric Use,1,0,93
ibuprofen,9ce036ef-a22d-4fca-9a62-1b10978f7b26,9,18,0,34084-4,ADVERSE REACTIONS SECTION,ADVERSE REACTIONS,1,0,4669
ibuprofen,9ce036ef-a22d-4fca-9a62-1b10978f7b26,9,19,0,34088-5,OVERDOSAGE SECTION,OVERDOSAGE,1,0,2030
ibuprofen,9ce036ef-a22d-4fca-9a62-1b10978f7b26,9,20,0,34068-7,DOSAGE & ADMINISTRATION SECTION,DOSAGE AND ADMINISTRATION,1,0,2491
ibuprofen,9ce036ef-a22d-4fca-9a62-1b10978f7b26,9,21,0,34069-5,HOW SUPPLIED SECTION,HOW SUPPLIED,1,0,1203
ibuprofen,9ce036ef-a22d-4fca-9a62-1b10978f7b26,9,22,0,42231-1,SPL MEDGUIDE SECTION,Medication Guide,1,0,5662
ibuprofen,9ce036ef-a22d-4fca-9a62-1b10978f7b26,9,23,0,51945-4,PACKAGE LABEL.PRINCIPAL DISPLAY PANEL,PACKAGE LABEL.PRINCIPAL DISPLAY PANEL,1,0,50
metformin,4f70f907-08d5-4c2e-a4be-32c6124faa7b,15,1,0,48780-1,SPL product data elements section,,0,0,0
metformin,4f70f907-08d5-4c2e-a4be-32c6124faa7b,15,2,0,43683-2,RECENT MAJOR CHANGES SECTION,,0,0,0
metformin,4f70f907-08d5-4c2e-a4be-32c6124faa7b,15,3,0,34066-1,Boxed Warning section,WARNING: LACTIC ACIDOSIS,1,0,1532
metformin,4f70f907-08d5-4c2e-a4be-32c6124faa7b,15,4,0,34067-9,INDICATIONS & USAGE SECTION,1 INDICATIONS AND USAGE,1,0,198
metformin,4f70f907-08d5-4c2e-a4be-32c6124faa7b,15,5,0,34068-7,DOSAGE & ADMINISTRATION SECTION,2 DOSAGE AND ADMINISTRATION,0,4,0
metformin,4f70f907-08d5-4c2e-a4be-32c6124faa7b,15,6,1,42229-5,SPL UNCLASSIFIED SECTION,2.1 Adult Dosage,1,0,436
metformin,4f70f907-08d5-4c2e-a4be-32c6124faa7b,15,7,1,42229-5,SPL UNCLASSIFIED SECTION,2.2 Pediatric Dosage for Metformin Hydrochloride Tablets,1,0,335
metformin,4f70f907-08d5-4c2e-a4be-32c6124faa7b,15,8,1,42229-5,SPL UNCLASSIFIED SECTION,2.3 Recommendations for Use in Renal Impairment,1,0,679
metformin,4f70f907-08d5-4c2e-a4be-32c6124faa7b,15,9,1,42229-5,SPL UNCLASSIFIED SECTION,2.4 Discontinuation for Iodinated Contrast Imaging Procedures,1,0,447
metformin,4f70f907-08d5-4c2e-a4be-32c6124faa7b,15,10,0,43678-2,DOSAGE FORMS & STRENGTHS SECTION,3 DOSAGE FORMS AND STRENGTHS,1,0,784
metformin,4f70f907-08d5-4c2e-a4be-32c6124faa7b,15,11,0,34070-3,CONTRAINDICATIONS SECTION,4 CONTRAINDICATIONS,1,0,295
metformin,4f70f907-08d5-4c2e-a4be-32c6124faa7b,15,12,0,43685-7,WARNINGS AND PRECAUTIONS SECTION,5 WARNINGS AND PRECAUTIONS,0,4,0
metformin,4f70f907-08d5-4c2e-a4be-32c6124faa7b,15,13,1,42229-5,SPL UNCLASSIFIED SECTION,5.1 Lactic Acidosis,1,0,6293
metformin,4f70f907-08d5-4c2e-a4be-32c6124faa7b,15,14,1,42229-5,SPL UNCLASSIFIED SECTION,5.2 Vitamin B 12 Deficiency,1,0,816
metformin,4f70f907-08d5-4c2e-a4be-32c6124faa7b,15,15,1,42229-5,SPL UNCLASSIFIED SECTION,5.3 Hypoglycemia with Concomitant Use with Insulin and Insulin Secretagogues,1,0,422
metformin,4f70f907-08d5-4c2e-a4be-32c6124faa7b,15,16,1,42229-5,SPL UNCLASSIFIED SECTION,5.4 Macrovascular Outcomes,1,0,138
metformin,4f70f907-08d5-4c2e-a4be-32c6124faa7b,15,17,0,34084-4,ADVERSE REACTIONS SECTION,6 ADVERSE REACTIONS,1,2,271
metformin,4f70f907-08d5-4c2e-a4be-32c6124faa7b,15,18,1,42229-5,SPL UNCLASSIFIED SECTION,6.1 Clinical Studies Experience,1,1,263
metformin,4f70f907-08d5-4c2e-a4be-32c6124faa7b,15,19,2,42229-5,SPL UNCLASSIFIED SECTION,Metformin Hydrochloride Tablets,1,1,1407
metformin,4f70f907-08d5-4c2e-a4be-32c6124faa7b,15,20,3,42229-5,SPL UNCLASSIFIED SECTION,Pediatric Patients,1,0,181
metformin,4f70f907-08d5-4c2e-a4be-32c6124faa7b,15,21,1,42229-5,SPL UNCLASSIFIED SECTION,6.2 Postmarketing Experience,1,0,416
metformin,4f70f907-08d5-4c2e-a4be-32c6124faa7b,15,22,0,34073-7,DRUG INTERACTIONS SECTION,7 DRUG INTERACTIONS,1,0,2403
metformin,4f70f907-08d5-4c2e-a4be-32c6124faa7b,15,23,0,43684-0,USE IN SPECIFIC POPULATIONS SECTION,8 USE IN SPECIFIC POPULATIONS,1,7,0
metformin,4f70f907-08d5-4c2e-a4be-32c6124faa7b,15,24,1,42228-7,PREGNANCY SECTION,8.1 Pregnancy,0,3,0
metformin,4f70f907-08d5-4c2e-a4be-32c6124faa7b,15,25,2,69759-9,RISKS,Risk Summary,1,0,1197
metformin,4f70f907-08d5-4c2e-a4be-32c6124faa7b,15,26,2,42229-5,SPL UNCLASSIFIED SECTION,Clinical Considerations,0,1,0
metformin,4f70f907-08d5-4c2e-a4be-32c6124faa7b,15,27,3,42229-5,SPL UNCLASSIFIED SECTION,Disease-associated Maternal and/or Embryo/Fetal Risk,1,0,330
metformin,4f70f907-08d5-4c2e-a4be-32c6124faa7b,15,28,2,42229-5,SPL UNCLASSIFIED SECTION,Data,0,2,0
metformin,4f70f907-08d5-4c2e-a4be-32c6124faa7b,15,29,3,42229-5,SPL UNCLASSIFIED SECTION,Human Data,1,0,412
metformin,4f70f907-08d5-4c2e-a4be-32c6124faa7b,15,30,3,42229-5,SPL UNCLASSIFIED SECTION,Animal Data,1,0,389
metformin,4f70f907-08d5-4c2e-a4be-32c6124faa7b,15,31,1,77290-5,LACTATION SECTION,8.2 Lactation,0,2,0
metformin,4f70f907-08d5-4c2e-a4be-32c6124faa7b,15,32,2,69759-9,RISKS,Risk Summary,1,0,567
metformin,4f70f907-08d5-4c2e-a4be-32c6124faa7b,15,33,2,42229-5,SPL UNCLASSIFIED SECTION,Data,1,0,422
metformin,4f70f907-08d5-4c2e-a4be-32c6124faa7b,15,34,1,77291-3,FEMALES & MALES OF REPRODUCTIVE POTENTIAL SECTION,8.3 Females and Males of Reproductive Potential,1,0,170
metformin,4f70f907-08d5-4c2e-a4be-32c6124faa7b,15,35,1,34081-0,PEDIATRIC USE SECTION,8.4 Pediatric Use,0,1,0
metformin,4f70f907-08d5-4c2e-a4be-32c6124faa7b,15,36,2,42229-5,SPL UNCLASSIFIED SECTION,Metformin Hydrochloride Tablets,1,0,983
metformin,4f70f907-08d5-4c2e-a4be-32c6124faa7b,15,37,1,34082-8,GERIATRIC USE SECTION,8.5 Geriatric Use,1,0,579
metformin,4f70f907-08d5-4c2e-a4be-32c6124faa7b,15,38,1,42229-5,SPL UNCLASSIFIED SECTION,8.6 Renal Impairment,1,0,455
metformin,4f70f907-08d5-4c2e-a4be-32c6124faa7b,15,39,1,42229-5,SPL UNCLASSIFIED SECTION,8.7 Hepatic Impairment,1,0,236
metformin,4f70f907-08d5-4c2e-a4be-32c6124faa7b,15,40,0,34088-5,OVERDOSAGE SECTION,10 OVERDOSAGE,1,0,569
metformin,4f70f907-08d5-4c2e-a4be-32c6124faa7b,15,41,0,34089-3,DESCRIPTION SECTION,11 DESCRIPTION,1,0,883
metformin,4f70f907-08d5-4c2e-a4be-32c6124faa7b,15,42,0,34090-1,CLINICAL PHARMACOLOGY SECTION,12 CLINICAL PHARMACOLOGY,1,2,0
metformin,4f70f907-08d5-4c2e-a4be-32c6124faa7b,15,43,1,43679-0,MECHANISM OF ACTION SECTION,12.1 Mechanism of Action,1,0,490
metformin,4f70f907-08d5-4c2e-a4be-32c6124faa7b,15,44,1,43682-4,PHARMACOKINETICS SECTION,12.3 Pharmacokinetics,0,6,0
metformin,4f70f907-08d5-4c2e-a4be-32c6124faa7b,15,45,2,42229-5,SPL UNCLASSIFIED SECTION,Absorption,1,1,582
metformin,4f70f907-08d5-4c2e-a4be-32c6124faa7b,15,46,3,42229-5,SPL UNCLASSIFIED SECTION,Effect of Food,1,0,471
metformin,4f70f907-08d5-4c2e-a4be-32c6124faa7b,15,47,2,42229-5,SPL UNCLASSIFIED SECTION,Distribution,1,0,271
metformin,4f70f907-08d5-4c2e-a4be-32c6124faa7b,15,48,2,42229-5,SPL UNCLASSIFIED SECTION,Metabolism,1,0,223
metformin,4f70f907-08d5-4c2e-a4be-32c6124faa7b,15,49,2,42229-5,SPL UNCLASSIFIED SECTION,Elimination,1,0,510
metformin,4f70f907-08d5-4c2e-a4be-32c6124faa7b,15,50,2,42229-5,SPL UNCLASSIFIED SECTION,Specific Populations,0,6,0
metformin,4f70f907-08d5-4c2e-a4be-32c6124faa7b,15,51,3,42229-5,SPL UNCLASSIFIED SECTION,Renal Impairment,1,0,285
metformin,4f70f907-08d5-4c2e-a4be-32c6124faa7b,15,52,3,42229-5,SPL UNCLASSIFIED SECTION,Hepatic Impairment,1,0,174
metformin,4f70f907-08d5-4c2e-a4be-32c6124faa7b,15,53,3,42229-5,SPL UNCLASSIFIED SECTION,Geriatrics,1,0,1930
metformin,4f70f907-08d5-4c2e-a4be-32c6124faa7b,15,54,3,42229-5,SPL UNCLASSIFIED SECTION,Pediatrics,1,0,311
metformin,4f70f907-08d5-4c2e-a4be-32c6124faa7b,15,55,3,42229-5,SPL UNCLASSIFIED SECTION,Gender,1,0,194
metformin,4f70f907-08d5-4c2e-a4be-32c6124faa7b,15,56,3,42229-5,SPL UNCLASSIFIED SECTION,Race,1,0,89
metformin,4f70f907-08d5-4c2e-a4be-32c6124faa7b,15,57,2,34073-7,DRUG INTERACTIONS SECTION,Drug Interactions,0,1,0
metformin,4f70f907-08d5-4c2e-a4be-32c6124faa7b,15,58,3,42229-5,SPL UNCLASSIFIED SECTION,In Vivo Assessment of Drug Interactions,1,0,1799
metformin,4f70f907-08d5-4c2e-a4be-32c6124faa7b,15,59,0,43680-8,NONCLINICAL TOXICOLOGY SECTION,13 NONCLINICAL TOXICOLOGY,1,1,0
metformin,4f70f907-08d5-4c2e-a4be-32c6124faa7b,15,60,1,34083-6,CARCINOGENESIS & MUTAGENESIS & IMPAIRMENT OF FERTILITY SECTION,"13.1 Carcinogenesis, Mutagenesis, Impairment of Fertility",1,0,1156
metformin,4f70f907-08d5-4c2e-a4be-32c6124faa7b,15,61,0,34092-7,CLINICAL STUDIES SECTION,14 CLINICAL STUDIES,0,1,0
metformin,4f70f907-08d5-4c2e-a4be-32c6124faa7b,15,62,1,42229-5,SPL UNCLASSIFIED SECTION,14.1 Metformin Hydrochloride Tablets,0,2,0
metformin,4f70f907-08d5-4c2e-a4be-32c6124faa7b,15,63,2,42229-5,SPL UNCLASSIFIED SECTION,Adult Clinical Studies,1,0,3371
metformin,4f70f907-08d5-4c2e-a4be-32c6124faa7b,15,64,2,42229-5,SPL UNCLASSIFIED SECTION,Pediatric Clinical Studies,1,0,943
metformin,4f70f907-08d5-4c2e-a4be-32c6124faa7b,15,65,0,34069-5,HOW SUPPLIED SECTION,16 HOW SUPPLIED/STORAGE AND HANDLING,0,2,0
metformin,4f70f907-08d5-4c2e-a4be-32c6124faa7b,15,66,1,42229-5,SPL UNCLASSIFIED SECTION,16.1 How Supplied,1,0,991
metformin,4f70f907-08d5-4c2e-a4be-32c6124faa7b,15,67,1,42229-5,SPL UNCLASSIFIED SECTION,16.2 Storage,1,0,176
metformin,4f70f907-08d5-4c2e-a4be-32c6124faa7b,15,68,0,34076-0,INFORMATION FOR PATIENTS SECTION,17 PATIENT COUNSELING INFORMATION,1,0,1610
metformin,4f70f907-08d5-4c2e-a4be-32c6124faa7b,15,69,0,42230-3,SPL PATIENT PACKAGE INSERT SECTION,Patient Information,1,0,13164
metformin,4f70f907-08d5-4c2e-a4be-32c6124faa7b,15,70,0,51945-4,PACKAGE LABEL.PRINCIPAL DISPLAY PANEL,PRINCIPAL DISPLAY PANEL – 500 mg,1,0,683
metformin,4f70f907-08d5-4c2e-a4be-32c6124faa7b,15,71,0,51945-4,PACKAGE LABEL.PRINCIPAL DISPLAY PANEL,PRINCIPAL DISPLAY PANEL – 850 mg,1,0,683
metformin,4f70f907-08d5-4c2e-a4be-32c6124faa7b,15,72,0,51945-4,PACKAGE LABEL.PRINCIPAL DISPLAY PANEL,PRINCIPAL DISPLAY PANEL – 1000 mg,1,0,685
lisinopril,7d6c31e2-b5a4-4279-8013-a8dad37ea73b,23,1,0,48780-1,SPL Product Data Elements Section,,0,0,0
lisinopril,7d6c31e2-b5a4-4279-8013-a8dad37ea73b,23,2,0,34066-1,BOXED WARNING SECTION,,0,1,0
lisinopril,7d6c31e2-b5a4-4279-8013-a8dad37ea73b,23,3,1,42229-5,SPL UNCLASSIFIED SECTION,WARNING: FETAL TOXICITY,1,0,259
lisinopril,7d6c31e2-b5a4-4279-8013-a8dad37ea73b,23,4,0,34067-9,INDICATIONS & USAGE SECTION,1 INDICATIONS AND USAGE,0,3,0
lisinopril,7d6c31e2-b5a4-4279-8013-a8dad37ea73b,23,5,1,,,1.1 Hypertension,1,0,2604
lisinopril,7d6c31e2-b5a4-4279-8013-a8dad37ea73b,23,6,1,,,1.2 Heart Failure,1,0,123
lisinopril,7d6c31e2-b5a4-4279-8013-a8dad37ea73b,23,7,1,,,1.3 Reduction of Mortality in Acute Myocardial Infarction,1,0,320
lisinopril,7d6c31e2-b5a4-4279-8013-a8dad37ea73b,23,8,0,34068-7,DOSAGE & ADMINISTRATION SECTION,2 DOSAGE AND ADMINISTRATION,0,4,0
lisinopril,7d6c31e2-b5a4-4279-8013-a8dad37ea73b,23,9,1,,,2.1 Hypertension,1,0,1355
lisinopril,7d6c31e2-b5a4-4279-8013-a8dad37ea73b,23,10,1,,,2.2 Heart Failure,1,0,696
lisinopril,7d6c31e2-b5a4-4279-8013-a8dad37ea73b,23,11,1,,,2.3 Reduction of Mortality in Acute Myocardial Infarction,1,0,737
lisinopril,7d6c31e2-b5a4-4279-8013-a8dad37ea73b,23,12,1,,,2.4 Dose in Patients with Renal Impairment,1,0,565
lisinopril,7d6c31e2-b5a4-4279-8013-a8dad37ea73b,23,13,0,43678-2,DOSAGE FORMS & STRENGTHS SECTION,3 DOSAGE FORMS AND STRENGTHS,0,1,0
lisinopril,7d6c31e2-b5a4-4279-8013-a8dad37ea73b,23,14,1,42229-5,SPL UNCLASSIFIED SECTION,,1,0,751
lisinopril,7d6c31e2-b5a4-4279-8013-a8dad37ea73b,23,15,0,34070-3,CONTRAINDICATIONS SECTION,4 CONTRAINDICATIONS,0,1,0
lisinopril,7d6c31e2-b5a4-4279-8013-a8dad37ea73b,23,16,1,42229-5,SPL UNCLASSIFIED SECTION,,1,0,569
lisinopril,7d6c31e2-b5a4-4279-8013-a8dad37ea73b,23,17,0,43685-7,WARNINGS AND PRECAUTIONS SECTION,5 WARNINGS AND PRECAUTIONS,0,6,0
lisinopril,7d6c31e2-b5a4-4279-8013-a8dad37ea73b,23,18,1,,,5.1 Fetal Toxicity,1,0,580
lisinopril,7d6c31e2-b5a4-4279-8013-a8dad37ea73b,23,19,1,,,5.2 Angioedema and Anaphylactoid Reactions,1,0,2482
lisinopril,7d6c31e2-b5a4-4279-8013-a8dad37ea73b,23,20,1,,,5.3 Impaired Renal Function,1,0,712
lisinopril,7d6c31e2-b5a4-4279-8013-a8dad37ea73b,23,21,1,,,5.4 Hypotension,1,0,1203
lisinopril,7d6c31e2-b5a4-4279-8013-a8dad37ea73b,23,22,1,,,5.5 Hyperkalemia,1,0,408
lisinopril,7d6c31e2-b5a4-4279-8013-a8dad37ea73b,23,23,1,,,5.6 Hepatic Failure,1,0,393
lisinopril,7d6c31e2-b5a4-4279-8013-a8dad37ea73b,23,24,0,34084-4,ADVERSE REACTIONS SECTION,6 ADVERSE REACTIONS,0,2,0
lisinopril,7d6c31e2-b5a4-4279-8013-a8dad37ea73b,23,25,1,,,6.1 Clinical Trials Experience,1,0,4685
lisinopril,7d6c31e2-b5a4-4279-8013-a8dad37ea73b,23,26,1,,,6.2 Post-marketing Experience,1,0,747
lisinopril,7d6c31e2-b5a4-4279-8013-a8dad37ea73b,23,27,0,34073-7,DRUG INTERACTIONS SECTION,7 DRUG INTERACTIONS,0,8,0
lisinopril,7d6c31e2-b5a4-4279-8013-a8dad37ea73b,23,28,1,,,7.1 Diuretics,1,0,757
lisinopril,7d6c31e2-b5a4-4279-8013-a8dad37ea73b,23,29,1,,,7.2 Antidiabetics,1,0,184
lisinopril,7d6c31e2-b5a4-4279-8013-a8dad37ea73b,23,30,1,,,7.3 Non-Steroidal Anti-Inflammatory Agents Including Selective Cyclooxygenase-2 Inhibitors (COX-2 Inhibitors),1,0,539
lisinopril,7d6c31e2-b5a4-4279-8013-a8dad37ea73b,23,31,1,,,7.4 Dual Blockade of the Renin-Angiotensin System (RAS),1,0,1214
lisinopril,7d6c31e2-b5a4-4279-8013-a8dad37ea73b,23,32,1,,,7.5 Lithium,1,0,298
lisinopril,7d6c31e2-b5a4-4279-8013-a8dad37ea73b,23,33,1,,,7.6 Gold,1,0,242
lisinopril,7d6c31e2-b5a4-4279-8013-a8dad37ea73b,23,34,1,,,7.7 mTOR Inhibitors,1,0,174
lisinopril,7d6c31e2-b5a4-4279-8013-a8dad37ea73b,23,35,1,,,7.8 Neprilysin Inhibitor,1,0,129
lisinopril,7d6c31e2-b5a4-4279-8013-a8dad37ea73b,23,36,0,43684-0,USE IN SPECIFIC POPULATIONS SECTION,8 USE IN SPECIFIC POPULATIONS,0,6,0
lisinopril,7d6c31e2-b5a4-4279-8013-a8dad37ea73b,23,37,1,42228-7,PREGNANCY SECTION,8.1 Pregnancy,1,0,2581
lisinopril,7d6c31e2-b5a4-4279-8013-a8dad37ea73b,23,38,1,,,8.2 Lactation,1,0,341
lisinopril,7d6c31e2-b5a4-4279-8013-a8dad37ea73b,23,39,1,34081-0,PEDIATRIC USE SECTION,8.4 Pediatric Use,1,0,892
lisinopril,7d6c31e2-b5a4-4279-8013-a8dad37ea73b,23,40,1,34082-8,GERIATRIC USE SECTION,8.5 Geriatric Use,1,0,561
lisinopril,7d6c31e2-b5a4-4279-8013-a8dad37ea73b,23,41,1,,,8.6 Race,1,0,121
lisinopril,7d6c31e2-b5a4-4279-8013-a8dad37ea73b,23,42,1,,,8.7 Renal Impairment,1,0,295
lisinopril,7d6c31e2-b5a4-4279-8013-a8dad37ea73b,23,43,0,34088-5,OVERDOSAGE SECTION,10 OVERDOSAGE,1,0,366
lisinopril,7d6c31e2-b5a4-4279-8013-a8dad37ea73b,23,44,0,34089-3,DESCRIPTION SECTION,11 DESCRIPTION,1,0,1099
lisinopril,7d6c31e2-b5a4-4279-8013-a8dad37ea73b,23,45,0,34090-1,CLINICAL PHARMACOLOGY SECTION,12 CLINICAL PHARMACOLOGY,0,3,0
lisinopril,7d6c31e2-b5a4-4279-8013-a8dad37ea73b,23,46,1,43679-0,MECHANISM OF ACTION SECTION,12.1 Mechanism of Action,1,0,2244
lisinopril,7d6c31e2-b5a4-4279-8013-a8dad37ea73b,23,47,1,43681-6,PHARMACODYNAMICS SECTION,12.2 Pharmacodynamics,1,0,1741
lisinopril,7d6c31e2-b5a4-4279-8013-a8dad37ea73b,23,48,1,43682-4,PHARMACOKINETICS SECTION,12.3 Pharmacokinetics,1,0,2806
lisinopril,7d6c31e2-b5a4-4279-8013-a8dad37ea73b,23,49,0,43680-8,NONCLINICAL TOXICOLOGY SECTION,13 NONCLINICAL TOXICOLOGY,0,1,0
lisinopril,7d6c31e2-b5a4-4279-8013-a8dad37ea73b,23,50,1,34083-6,CARCINOGENESIS & MUTAGENESIS & IMPAIRMENT OF FERTILITY SECTION,"13.1 Carcinogenesis, Mutagenesis, Impairment of Fertility",1,0,1781
lisinopril,7d6c31e2-b5a4-4279-8013-a8dad37ea73b,23,51,0,34092-7,CLINICAL STUDIES SECTION,14 CLINICAL STUDIES,0,3,0
lisinopril,7d6c31e2-b5a4-4279-8013-a8dad37ea73b,23,52,1,,,14.1 Hypertension,1,0,3302
lisinopril,7d6c31e2-b5a4-4279-8013-a8dad37ea73b,23,53,1,,,14.2 Heart Failure,1,0,1120
lisinopril,7d6c31e2-b5a4-4279-8013-a8dad37ea73b,23,54,1,,,14.3 Acute Myocardial Infarction,1,0,2981
lisinopril,7d6c31e2-b5a4-4279-8013-a8dad37ea73b,23,55,0,34069-5,HOW SUPPLIED SECTION,16 HOW SUPPLIED/STORAGE AND HANDLING,1,0,853
lisinopril,7d6c31e2-b5a4-4279-8013-a8dad37ea73b,23,56,0,34076-0,INFORMATION FOR PATIENTS SECTION,17 PATIENT COUNSELING INFORMATION,1,1,2005
lisinopril,7d6c31e2-b5a4-4279-8013-a8dad37ea73b,23,57,1,42229-5,SPL UNCLASSIFIED SECTION,,1,0,193
lisinopril,7d6c31e2-b5a4-4279-8013-a8dad37ea73b,23,58,0,51945-4,PACKAGE LABEL.PRINCIPAL DISPLAY PANEL,,1,0,795
atorvastatin,536b5e0d-1bb9-4c9d-a588-460d7647308b,3,1,0,48780-1,SPL PRODUCT DATA ELEMENTS SECTION,,0,0,0
atorvastatin,536b5e0d-1bb9-4c9d-a588-460d7647308b,3,2,0,34067-9,INDICATIONS & USAGE SECTION,1 INDICATIONS AND USAGE,1,0,1094
atorvastatin,536b5e0d-1bb9-4c9d-a588-460d7647308b,3,3,0,34068-7,DOSAGE & ADMINISTRATION SECTION,2 DOSAGE AND ADMINISTRATION,0,5,0
atorvastatin,536b5e0d-1bb9-4c9d-a588-460d7647308b,3,4,1,42229-5,Spl Unclassified Section,2.1 Important Dosage Information,1,0,348
atorvastatin,536b5e0d-1bb9-4c9d-a588-460d7647308b,3,5,1,42229-5,Spl Unclassified Section,2.2 Recommended Dosage in Adult Patients,1,0,233
atorvastatin,536b5e0d-1bb9-4c9d-a588-460d7647308b,3,6,1,42229-5,Spl Unclassified Section,2.3 Recommended Dosage in Pediatric Patients 10 Years of Age and Older with HeFH,1,0,131
atorvastatin,536b5e0d-1bb9-4c9d-a588-460d7647308b,3,7,1,42229-5,Spl Unclassified Section,2.4 Recommended Dosage in Pediatric Patients 10 Years of Age and Older with HoFH,1,0,141
atorvastatin,536b5e0d-1bb9-4c9d-a588-460d7647308b,3,8,1,42229-5,Spl Unclassified Section,2.5 Dosage Modifications Due to Drug Interactions,1,0,896
atorvastatin,536b5e0d-1bb9-4c9d-a588-460d7647308b,3,9,0,43678-2,DOSAGE FORMS & STRENGTHS SECTION,3 DOSAGE FORMS AND STRENGTHS,1,0,583
atorvastatin,536b5e0d-1bb9-4c9d-a588-460d7647308b,3,10,0,34070-3,CONTRAINDICATIONS SECTION,4 CONTRAINDICATIONS,1,0,370
atorvastatin,536b5e0d-1bb9-4c9d-a588-460d7647308b,3,11,0,43685-7,WARNINGS AND PRECAUTIONS SECTION,5 WARNINGS AND PRECAUTIONS,0,5,0
atorvastatin,536b5e0d-1bb9-4c9d-a588-460d7647308b,3,12,1,42229-5,Spl Unclassified Section,5.1 Myopathy and Rhabdomyolysis,1,0,2732
atorvastatin,536b5e0d-1bb9-4c9d-a588-460d7647308b,3,13,1,42229-5,Spl Unclassified Section,5.2 Immune-Mediated Necrotizing Myopathy,1,0,668
atorvastatin,536b5e0d-1bb9-4c9d-a588-460d7647308b,3,14,1,42229-5,Spl Unclassified Section,5.3 Hepatic Dysfunction,1,0,1196
atorvastatin,536b5e0d-1bb9-4c9d-a588-460d7647308b,3,15,1,42229-5,Spl Unclassified Section,5.4 Increases in HbA1c and Fasting Serum Glucose Levels,1,0,241
atorvastatin,536b5e0d-1bb9-4c9d-a588-460d7647308b,3,16,1,42229-5,Spl Unclassified Section,5.5 Increased Risk of Hemorrhagic Stroke in Patients on Atorvastatin Calcium 80 mg with Recent Hemorrhagic Stroke,1,0,1083
atorvastatin,536b5e0d-1bb9-4c9d-a588-460d7647308b,3,17,0,34084-4,ADVERSE REACTIONS SECTION,6 ADVERSE REACTIONS,1,2,381
atorvastatin,536b5e0d-1bb9-4c9d-a588-460d7647308b,3,18,1,42229-5,Spl Unclassified Section,6.1 Clinical Trials Experience,1,0,6174
atorvastatin,536b5e0d-1bb9-4c9d-a588-460d7647308b,3,19,1,42229-5,Spl Unclassified Section,6.2 Postmarketing Experience,1,0,1519
atorvastatin,536b5e0d-1bb9-4c9d-a588-460d7647308b,3,20,0,34073-7,DRUG INTERACTIONS SECTION,7 DRUG INTERACTIONS,0,3,0
atorvastatin,536b5e0d-1bb9-4c9d-a588-460d7647308b,3,21,1,42229-5,Spl Unclassified Section,7.1 Drug Interactions that may Increase the Risk of Myopathy and Rhabdomyolysis with Atorvastatin Calcium,1,0,5442
atorvastatin,536b5e0d-1bb9-4c9d-a588-460d7647308b,3,22,1,42229-5,Spl Unclassified Section,7.2 Drug Interactions that may Decrease Exposure to Atorvastatin Calcium,1,0,708
atorvastatin,536b5e0d-1bb9-4c9d-a588-460d7647308b,3,23,1,42229-5,Spl Unclassified Section,7.3 Atorvastatin Calcium Effects on Other Drugs,1,0,740
atorvastatin,536b5e0d-1bb9-4c9d-a588-460d7647308b,3,24,0,43684-0,USE IN SPECIFIC POPULATIONS SECTION,8 USE IN SPECIFIC POPULATIONS,0,6,0
atorvastatin,536b5e0d-1bb9-4c9d-a588-460d7647308b,3,25,1,42228-7,PREGNANCY SECTION,8.1 Pregnancy,1,0,4739
atorvastatin,536b5e0d-1bb9-4c9d-a588-460d7647308b,3,26,1,34079-4,LABOR & DELIVERY SECTION,8.2 Lactation,1,0,1256
atorvastatin,536b5e0d-1bb9-4c9d-a588-460d7647308b,3,27,1,34081-0,PEDIATRIC USE SECTION,8.4 Pediatric Use,1,0,1128
atorvastatin,536b5e0d-1bb9-4c9d-a588-460d7647308b,3,28,1,34082-8,GERIATRIC USE SECTION,8.5 Geriatric Use,1,0,753
atorvastatin,536b5e0d-1bb9-4c9d-a588-460d7647308b,3,29,1,42229-5,Spl Unclassified Section,8.6 Renal Impairment,1,0,368
atorvastatin,536b5e0d-1bb9-4c9d-a588-460d7647308b,3,30,1,42229-5,Spl Unclassified Section,8.7 Hepatic Impairment,1,0,449
atorvastatin,536b5e0d-1bb9-4c9d-a588-460d7647308b,3,31,0,34088-5,OVERDOSAGE SECTION,10 OVERDOSAGE,1,0,261
atorvastatin,536b5e0d-1bb9-4c9d-a588-460d7647308b,3,32,0,34089-3,DESCRIPTION SECTION,11 DESCRIPTION,1,0,1152
atorvastatin,536b5e0d-1bb9-4c9d-a588-460d7647308b,3,33,0,34090-1,CLINICAL PHARMACOLOGY SECTION,12 CLINICAL PHARMACOLOGY,0,3,0
atorvastatin,536b5e0d-1bb9-4c9d-a588-460d7647308b,3,34,1,43679-0,MECHANISM OF ACTION SECTION,12.1 Mechanism of Action,1,0,575
atorvastatin,536b5e0d-1bb9-4c9d-a588-460d7647308b,3,35,1,43681-6,PHARMACODYNAMICS SECTION,12.2 Pharmacodynamics,1,0,409
atorvastatin,536b5e0d-1bb9-4c9d-a588-460d7647308b,3,36,1,43682-4,PHARMACOKINETICS SECTION,12.3 Pharmacokinetics,1,0,8442
atorvastatin,536b5e0d-1bb9-4c9d-a588-460d7647308b,3,37,0,43680-8,NONCLINICAL TOXICOLOGY SECTION,13 NONCLINICAL TOXICOLOGY,0,1,0
atorvastatin,536b5e0d-1bb9-4c9d-a588-460d7647308b,3,38,1,34083-6,CARCINOGENESIS & MUTAGENESIS & IMPAIRMENT OF FERTILITY SECTION,"13.1 Carcinogenesis, Mutagenesis, Impairment of Fertility",1,0,1893
atorvastatin,536b5e0d-1bb9-4c9d-a588-460d7647308b,3,39,0,34092-7,CLINICAL STUDIES SECTION,14 CLINICAL STUDIES,0,6,0
atorvastatin,536b5e0d-1bb9-4c9d-a588-460d7647308b,3,40,1,42229-5,Spl Unclassified Section,,1,0,9807
atorvastatin,536b5e0d-1bb9-4c9d-a588-460d7647308b,3,41,1,42229-5,Spl Unclassified Section,,1,0,2566
atorvastatin,536b5e0d-1bb9-4c9d-a588-460d7647308b,3,42,1,42229-5,Spl Unclassified Section,,1,0,947
atorvastatin,536b5e0d-1bb9-4c9d-a588-460d7647308b,3,43,1,42229-5,Spl Unclassified Section,,1,0,616
atorvastatin,536b5e0d-1bb9-4c9d-a588-460d7647308b,3,44,1,42229-5,Spl Unclassified Section,,1,0,683
atorvastatin,536b5e0d-1bb9-4c9d-a588-460d7647308b,3,45,1,42229-5,Spl Unclassified Section,,1,0,2679
atorvastatin,536b5e0d-1bb9-4c9d-a588-460d7647308b,3,46,0,34069-5,HOW SUPPLIED SECTION,16 HOW SUPPLIED/STORAGE AND HANDLING,1,0,1361
atorvastatin,536b5e0d-1bb9-4c9d-a588-460d7647308b,3,47,0,34076-0,INFORMATION FOR PATIENTS SECTION,17 PATIENT COUNSELING INFORMATION,1,0,2005
atorvastatin,536b5e0d-1bb9-4c9d-a588-460d7647308b,3,48,0,42230-3,SPL PATIENT PACKAGE INSERT SECTION,,1,0,9537
atorvastatin,536b5e0d-1bb9-4c9d-a588-460d7647308b,3,49,0,51945-4,PACKAGE LABEL.PRINCIPAL DISPLAY PANEL,PACKAGE LABEL-PRINCIPAL DISPLAY PANEL - 10 mg (90 Tablets Bottle),1,0,86
atorvastatin,536b5e0d-1bb9-4c9d-a588-460d7647308b,3,50,0,51945-4,PACKAGE LABEL.PRINCIPAL DISPLAY PANEL,PACKAGE LABEL-PRINCIPAL DISPLAY PANEL - 20 mg (90 Tablets Bottle),1,0,86
atorvastatin,536b5e0d-1bb9-4c9d-a588-460d7647308b,3,51,0,51945-4,PACKAGE LABEL.PRINCIPAL DISPLAY PANEL,PACKAGE LABEL-PRINCIPAL DISPLAY PANEL - 40 mg (90 Tablets Bottle),1,0,86
atorvastatin,536b5e0d-1bb9-4c9d-a588-460d7647308b,3,52,0,51945-4,PACKAGE LABEL.PRINCIPAL DISPLAY PANEL,PACKAGE LABEL-PRINCIPAL DISPLAY PANEL - 80 mg (90 Tablets Bottle),1,0,86
amoxicillin,4fb7837e-964c-4d38-a3a5-b384b1bd6e08,21,1,0,48780-1,SPL listing data elements section,,0,0,0
amoxicillin,4fb7837e-964c-4d38-a3a5-b384b1bd6e08,21,2,0,43683-2,RECENT MAJOR CHANGES SECTION,,1,0,0
amoxicillin,4fb7837e-964c-4d38-a3a5-b384b1bd6e08,21,3,0,34067-9,INDICATIONS & USAGE SECTION,1 INDICATIONS AND USAGE,1,0,2683
amoxicillin,4fb7837e-964c-4d38-a3a5-b384b1bd6e08,21,4,0,34068-7,DOSAGE & ADMINISTRATION SECTION,2 DOSAGE AND ADMINISTRATION,1,5,0
amoxicillin,4fb7837e-964c-4d38-a3a5-b384b1bd6e08,21,5,1,42229-5,SPL UNCLASSIFIED SECTION,2.1 Important Administration Instructions,1,0,111
amoxicillin,4fb7837e-964c-4d38-a3a5-b384b1bd6e08,21,6,1,42229-5,SPL UNCLASSIFIED SECTION,2.2 Dosage for Adults and Pediatric Patients Aged 3 Months (12 weeks) and Older,1,0,1543
amoxicillin,4fb7837e-964c-4d38-a3a5-b384b1bd6e08,21,7,1,42229-5,SPL UNCLASSIFIED SECTION,2.3 Dosage in Pediatric Patients Aged Less than 12 Weeks (3 months),1,0,617
amoxicillin,4fb7837e-964c-4d38-a3a5-b384b1bd6e08,21,8,1,42229-5,SPL UNCLASSIFIED SECTION,2.4 Dosage for H. pylori Infection in Adults,1,0,397
amoxicillin,4fb7837e-964c-4d38-a3a5-b384b1bd6e08,21,9,1,42229-5,SPL UNCLASSIFIED SECTION,2.5 Dosage in Renal Impairment for Adults and Pediatric Patients Aged 3 Months and Older and Weight Greater than 40 kg,1,0,765
amoxicillin,4fb7837e-964c-4d38-a3a5-b384b1bd6e08,21,10,0,43678-2,DOSAGE FORMS & STRENGTHS SECTION,3 DOSAGE FORMS AND STRENGTHS,1,0,301
amoxicillin,4fb7837e-964c-4d38-a3a5-b384b1bd6e08,21,11,0,34070-3,CONTRAINDICATIONS SECTION,4 CONTRAINDICATIONS,1,0,243
amoxicillin,4fb7837e-964c-4d38-a3a5-b384b1bd6e08,21,12,0,43685-7,WARNINGS AND PRECAUTIONS SECTION,5 WARNINGS AND PRECAUTIONS,1,6,0
amoxicillin,4fb7837e-964c-4d38-a3a5-b384b1bd6e08,21,13,1,42229-5,SPL UNCLASSIFIED SECTION,5.1 Anaphylactic Reactions,1,0,856
amoxicillin,4fb7837e-964c-4d38-a3a5-b384b1bd6e08,21,14,1,42229-5,SPL UNCLASSIFIED SECTION,5.2 Severe Cutaneous Adverse Reactions,1,0,370
amoxicillin,4fb7837e-964c-4d38-a3a5-b384b1bd6e08,21,15,1,42229-5,SPL UNCLASSIFIED SECTION,5.3 Drug-Induced Enterocolitis Syndrome (DIES),1,0,603
amoxicillin,4fb7837e-964c-4d38-a3a5-b384b1bd6e08,21,16,1,42229-5,SPL UNCLASSIFIED SECTION,5.4 Clostridioides difficile- Associated Diarrhea (CDAD),1,0,1109
amoxicillin,4fb7837e-964c-4d38-a3a5-b384b1bd6e08,21,17,1,42229-5,SPL UNCLASSIFIED SECTION,5.5 Development of Drug-Resistant Bacteria,1,0,235
amoxicillin,4fb7837e-964c-4d38-a3a5-b384b1bd6e08,21,18,1,42229-5,SPL UNCLASSIFIED SECTION,5.6 Skin Rash in Patients with Mononucleosis,1,0,184
amoxicillin,4fb7837e-964c-4d38-a3a5-b384b1bd6e08,21,19,0,34084-4,ADVERSE REACTIONS SECTION,6 ADVERSE REACTIONS,1,2,387
amoxicillin,4fb7837e-964c-4d38-a3a5-b384b1bd6e08,21,20,1,42229-5,SPL UNCLASSIFIED SECTION,6.1 Clinical Trials Experience,1,0,922
amoxicillin,4fb7837e-964c-4d38-a3a5-b384b1bd6e08,21,21,1,42229-5,SPL UNCLASSIFIED SECTION,6.2 Postmarketing Experience,1,0,2032
amoxicillin,4fb7837e-964c-4d38-a3a5-b384b1bd6e08,21,22,0,34073-7,DRUG INTERACTIONS SECTION,7 DRUG INTERACTIONS,1,6,0
amoxicillin,4fb7837e-964c-4d38-a3a5-b384b1bd6e08,21,23,1,42229-5,SPL UNCLASSIFIED SECTION,7.1 Probenecid,1,0,176
amoxicillin,4fb7837e-964c-4d38-a3a5-b384b1bd6e08,21,24,1,42229-5,SPL UNCLASSIFIED SECTION,7.2 Oral Anticoagulants,1,0,374
amoxicillin,4fb7837e-964c-4d38-a3a5-b384b1bd6e08,21,25,1,42229-5,SPL UNCLASSIFIED SECTION,7.3 Allopurinol,1,0,302
amoxicillin,4fb7837e-964c-4d38-a3a5-b384b1bd6e08,21,26,1,42229-5,SPL UNCLASSIFIED SECTION,7.4 Oral Contraceptives,1,0,159
amoxicillin,4fb7837e-964c-4d38-a3a5-b384b1bd6e08,21,27,1,42229-5,SPL UNCLASSIFIED SECTION,7.5 Other Antibacterials,1,0,236
amoxicillin,4fb7837e-964c-4d38-a3a5-b384b1bd6e08,21,28,1,42229-5,SPL UNCLASSIFIED SECTION,7.6 Effects on Laboratory Tests,1,0,575
amoxicillin,4fb7837e-964c-4d38-a3a5-b384b1bd6e08,21,29,0,43684-0,USE IN SPECIFIC POPULATIONS SECTION,8 USE IN SPECIFIC POPULATIONS,1,6,0
amoxicillin,4fb7837e-964c-4d38-a3a5-b384b1bd6e08,21,30,1,42228-7,PREGNANCY SECTION,8.1 Pregnancy,1,0,459
amoxicillin,4fb7837e-964c-4d38-a3a5-b384b1bd6e08,21,31,1,34079-4,LABOR & DELIVERY SECTION,8.2 Labor and Delivery,1,0,291
amoxicillin,4fb7837e-964c-4d38-a3a5-b384b1bd6e08,21,32,1,34080-2,NURSING MOTHERS SECTION,8.3 Nursing Mothers,1,0,211
amoxicillin,4fb7837e-964c-4d38-a3a5-b384b1bd6e08,21,33,1,34081-0,PEDIATRIC USE SECTION,8.4 Pediatric Use,1,0,646
amoxicillin,4fb7837e-964c-4d38-a3a5-b384b1bd6e08,21,34,1,34082-8,GERIATRIC USE SECTION,8.5 Geriatric Use,1,0,653
amoxicillin,4fb7837e-964c-4d38-a3a5-b384b1bd6e08,21,35,1,42229-5,SPL UNCLASSIFIED SECTION,8.6 Dosing in Renal Impairment,1,0,262
amoxicillin,4fb7837e-964c-4d38-a3a5-b384b1bd6e08,21,36,0,34088-5,OVERDOSAGE SECTION,10 OVERDOSAGE,1,0,997
amoxicillin,4fb7837e-964c-4d38-a3a5-b384b1bd6e08,21,37,0,34089-3,DESCRIPTION SECTION,11 DESCRIPTION,1,0,976
amoxicillin,4fb7837e-964c-4d38-a3a5-b384b1bd6e08,21,38,0,34090-1,CLINICAL PHARMACOLOGY SECTION,12 CLINICAL PHARMACOLOGY,1,3,0
amoxicillin,4fb7837e-964c-4d38-a3a5-b384b1bd6e08,21,39,1,43679-0,MECHANISM OF ACTION SECTION,12.1 Mechanism of Action,1,0,66
amoxicillin,4fb7837e-964c-4d38-a3a5-b384b1bd6e08,21,40,1,43682-4,PHARMACOKINETICS SECTION,12.3 Pharmacokinetics,1,0,2714
amoxicillin,4fb7837e-964c-4d38-a3a5-b384b1bd6e08,21,41,1,49489-8,MICROBIOLOGY SECTION,12.4 Microbiology,1,0,1085
amoxicillin,4fb7837e-964c-4d38-a3a5-b384b1bd6e08,21,42,0,43680-8,NONCLINICAL TOXICOLOGY SECTION,13 NONCLINICAL TOXICOLOGY,1,1,0
amoxicillin,4fb7837e-964c-4d38-a3a5-b384b1bd6e08,21,43,1,34083-6,CARCINOGENESIS & MUTAGENESIS & IMPAIRMENT OF FERTILITY SECTION,"13.1 Carcinogenesis, Mutagenesis, Impairment of Fertility",1,0,1147
amoxicillin,4fb7837e-964c-4d38-a3a5-b384b1bd6e08,21,44,0,34092-7,CLINICAL STUDIES SECTION,14 CLINICAL STUDIES,1,1,0
amoxicillin,4fb7837e-964c-4d38-a3a5-b384b1bd6e08,21,45,1,42229-5,SPL UNCLASSIFIED SECTION,14.1 H. pylori Eradication to Reduce the Risk of Duodenal Ulcer Recurrence,1,0,3418
amoxicillin,4fb7837e-964c-4d38-a3a5-b384b1bd6e08,21,46,0,34093-5,REFERENCES SECTION,15 REFERENCES,1,0,180
amoxicillin,4fb7837e-964c-4d38-a3a5-b384b1bd6e08,21,47,0,34069-5,HOW SUPPLIED SECTION,16 HOW SUPPLIED/STORAGE AND HANDLING,1,0,804
amoxicillin,4fb7837e-964c-4d38-a3a5-b384b1bd6e08,21,48,0,34076-0,INFORMATION FOR PATIENTS SECTION,17 PATIENT COUNSELING INFORMATION,1,0,2093
amoxicillin,4fb7837e-964c-4d38-a3a5-b384b1bd6e08,21,49,0,51945-4,PACKAGE LABEL.PRINCIPAL DISPLAY PANEL,,1,0,100
sertraline,98960cc1-1d44-4d89-b415-7e250cc762cc,4,1,0,48780-1,SPL product data elements section,,0,0,0
sertraline,98960cc1-1d44-4d89-b415-7e250cc762cc,4,2,0,34066-1,BOXED WARNING SECTION,WARNING: SUICIDAL THOUGHTS AND BEHAVIORS,1,0,297
sertraline,98960cc1-1d44-4d89-b415-7e250cc762cc,4,3,0,34067-9,INDICATIONS & USAGE SECTION,1 INDICATIONS AND USAGE,1,0,318
sertraline,98960cc1-1d44-4d89-b415-7e250cc762cc,4,4,0,34068-7,DOSAGE & ADMINISTRATION SECTION,2 DOSAGE AND ADMINISTRATION,0,6,0
sertraline,98960cc1-1d44-4d89-b415-7e250cc762cc,4,5,1,42229-5,SPL UNCLASSIFIED SECTION,"2.1 Dosage in Patients with MDD, OCD, PD, PTSD, and SAD",1,0,900
sertraline,98960cc1-1d44-4d89-b415-7e250cc762cc,4,6,1,42229-5,SPL UNCLASSIFIED SECTION,2.2 Dosage in Patients with PMDD,1,0,985
sertraline,98960cc1-1d44-4d89-b415-7e250cc762cc,4,7,1,42229-5,SPL UNCLASSIFIED SECTION,2.3 Screen for Bipolar Disorder Prior to Starting Sertraline Hydrochloride Tablets,1,0,224
sertraline,98960cc1-1d44-4d89-b415-7e250cc762cc,4,8,1,42229-5,SPL UNCLASSIFIED SECTION,2.4 Dosage Modifications in Patients with Hepatic Impairment,1,0,460
sertraline,98960cc1-1d44-4d89-b415-7e250cc762cc,4,9,1,42229-5,SPL UNCLASSIFIED SECTION,2.5 Switching Patients to or from a Monoamine Oxidase Inhibitor Antidepressant,1,0,353
sertraline,98960cc1-1d44-4d89-b415-7e250cc762cc,4,10,1,42229-5,SPL UNCLASSIFIED SECTION,2.6 Discontinuation of Treatment with Sertraline Hydrochloride Tablets,1,0,234
sertraline,98960cc1-1d44-4d89-b415-7e250cc762cc,4,11,0,43678-2,DOSAGE FORMS & STRENGTHS SECTION,3 DOSAGE FORMS AND STRENGTHS,1,0,360
sertraline,98960cc1-1d44-4d89-b415-7e250cc762cc,4,12,0,34070-3,CONTRAINDICATIONS SECTION,4 CONTRAINDICATIONS,1,0,455
sertraline,98960cc1-1d44-4d89-b415-7e250cc762cc,4,13,0,43685-7,WARNINGS AND PRECAUTIONS SECTION,5 WARNINGS AND PRECAUTIONS,1,11,3
sertraline,98960cc1-1d44-4d89-b415-7e250cc762cc,4,14,1,42229-5,SPL UNCLASSIFIED SECTION,5.1 Suicidal Thoughts and Behaviors in Pediatric and Young Adult Patients,1,0,2029
sertraline,98960cc1-1d44-4d89-b415-7e250cc762cc,4,15,1,42229-5,SPL UNCLASSIFIED SECTION,5.2 Serotonin Syndrome,1,0,2151
sertraline,98960cc1-1d44-4d89-b415-7e250cc762cc,4,16,1,42229-5,SPL UNCLASSIFIED SECTION,5.3 Increased Risk of Bleeding,1,0,1165
sertraline,98960cc1-1d44-4d89-b415-7e250cc762cc,4,17,1,42229-5,SPL UNCLASSIFIED SECTION,5.4 Activation of Mania or Hypomania,1,0,513
sertraline,98960cc1-1d44-4d89-b415-7e250cc762cc,4,18,1,42229-5,SPL UNCLASSIFIED SECTION,5.5 Discontinuation Syndrome,1,0,518
sertraline,98960cc1-1d44-4d89-b415-7e250cc762cc,4,19,1,42229-5,SPL UNCLASSIFIED SECTION,5.6 Seizures,1,0,267
sertraline,98960cc1-1d44-4d89-b415-7e250cc762cc,4,20,1,42229-5,SPL UNCLASSIFIED SECTION,5.7 Angle-Closure Glaucoma,1,0,353
sertraline,98960cc1-1d44-4d89-b415-7e250cc762cc,4,21,1,42229-5,SPL UNCLASSIFIED SECTION,5.8 Hyponatremia,1,0,932
sertraline,98960cc1-1d44-4d89-b415-7e250cc762cc,4,22,1,42229-5,SPL UNCLASSIFIED SECTION,5.9 False-Positive Effects on Screening Tests for Benzodiazepines,1,0,483
sertraline,98960cc1-1d44-4d89-b415-7e250cc762cc,4,23,1,42229-5,SPL UNCLASSIFIED SECTION,5.10 QTc Prolongation,1,0,606
sertraline,98960cc1-1d44-4d89-b415-7e250cc762cc,4,24,1,42229-5,SPL UNCLASSIFIED SECTION,5.11 Sexual Dysfunction,1,0,902
sertraline,98960cc1-1d44-4d89-b415-7e250cc762cc,4,25,0,34084-4,ADVERSE REACTIONS SECTION,6 ADVERSE REACTIONS,1,2,911
sertraline,98960cc1-1d44-4d89-b415-7e250cc762cc,4,26,1,42229-5,SPL UNCLASSIFIED SECTION,6.1 Clinical Trials Experience,1,0,6988
sertraline,98960cc1-1d44-4d89-b415-7e250cc762cc,4,27,1,42229-5,SPL UNCLASSIFIED SECTION,6.2 Post-marketing Experience,1,0,1878
sertraline,98960cc1-1d44-4d89-b415-7e250cc762cc,4,28,0,34073-7,DRUG INTERACTIONS SECTION,7 DRUG INTERACTIONS,0,3,0
sertraline,98960cc1-1d44-4d89-b415-7e250cc762cc,4,29,1,42229-5,SPL UNCLASSIFIED SECTION,7.1 Clinically Significant Drug Interactions,1,0,4499
sertraline,98960cc1-1d44-4d89-b415-7e250cc762cc,4,30,1,42229-5,SPL UNCLASSIFIED SECTION,7.2 Drugs Having No Clinically Important Interactions with Sertraline Hydrochloride,1,0,371
sertraline,98960cc1-1d44-4d89-b415-7e250cc762cc,4,31,1,42229-5,SPL UNCLASSIFIED SECTION,7.3 False-Positive Screening Tests for Benzodiazepines,1,0,431
sertraline,98960cc1-1d44-4d89-b415-7e250cc762cc,4,32,0,43684-0,USE IN SPECIFIC POPULATIONS SECTION,8 USE IN SPECIFIC POPULATIONS,0,6,0
sertraline,98960cc1-1d44-4d89-b415-7e250cc762cc,4,33,1,42228-7,PREGNANCY SECTION,8.1 Pregnancy,1,0,7629
sertraline,98960cc1-1d44-4d89-b415-7e250cc762cc,4,34,1,34079-4,LABOR & DELIVERY SECTION,8.2 Lactation,1,0,710
sertraline,98960cc1-1d44-4d89-b415-7e250cc762cc,4,35,1,34081-0,PEDIATRIC USE SECTION,8.4 Pediatric Use,1,0,3521
sertraline,98960cc1-1d44-4d89-b415-7e250cc762cc,4,36,1,34082-8,GERIATRIC USE SECTION,8.5 Geriatric Use,1,0,1272
sertraline,98960cc1-1d44-4d89-b415-7e250cc762cc,4,37,1,42229-5,SPL UNCLASSIFIED SECTION,8.6 Hepatic Impairment,1,0,596
sertraline,98960cc1-1d44-4d89-b415-7e250cc762cc,4,38,1,42229-5,SPL UNCLASSIFIED SECTION,8.7 Renal Impairment,1,0,188
sertraline,98960cc1-1d44-4d89-b415-7e250cc762cc,4,39,0,42227-9,DRUG ABUSE AND DEPENDENCE SECTION,9 DRUG ABUSE AND DEPENDENCE,0,2,0
sertraline,98960cc1-1d44-4d89-b415-7e250cc762cc,4,40,1,34085-1,CONTROLLED SUBSTANCE SECTION,9.1 Controlled Substance,1,0,82
sertraline,98960cc1-1d44-4d89-b415-7e250cc762cc,4,41,1,34086-9,ABUSE SECTION,9.2 Abuse,1,0,342
sertraline,98960cc1-1d44-4d89-b415-7e250cc762cc,4,42,0,34088-5,OVERDOSAGE SECTION,10 OVERDOSAGE,1,0,733
sertraline,98960cc1-1d44-4d89-b415-7e250cc762cc,4,43,0,34089-3,DESCRIPTION SECTION,11 DESCRIPTION,1,0,1253
sertraline,98960cc1-1d44-4d89-b415-7e250cc762cc,4,44,0,34090-1,CLINICAL PHARMACOLOGY SECTION,12 CLINICAL PHARMACOLOGY,0,3,0
sertraline,98960cc1-1d44-4d89-b415-7e250cc762cc,4,45,1,43679-0,MECHANISM OF ACTION SECTION,12.1 Mechanism of Action,1,0,135
sertraline,98960cc1-1d44-4d89-b415-7e250cc762cc,4,46,1,43681-6,PHARMACODYNAMICS SECTION,12.2 Pharmacodynamics,1,0,1677
sertraline,98960cc1-1d44-4d89-b415-7e250cc762cc,4,47,1,43682-4,PHARMACOKINETICS SECTION,12.3 Pharmacokinetics,1,0,10303
sertraline,98960cc1-1d44-4d89-b415-7e250cc762cc,4,48,0,43680-8,NONCLINICAL TOXICOLOGY SECTION,13 NONCLINICAL TOXICOLOGY,0,1,0
sertraline,98960cc1-1d44-4d89-b415-7e250cc762cc,4,49,1,34083-6,CARCINOGENESIS & MUTAGENESIS & IMPAIRMENT OF FERTILITY SECTION,"13.1 Carcinogenesis, Mutagenesis, Impairment of Fertility",1,0,1562
sertraline,98960cc1-1d44-4d89-b415-7e250cc762cc,4,50,0,34092-7,CLINICAL STUDIES SECTION,14 CLINICAL STUDIES,1,6,671
sertraline,98960cc1-1d44-4d89-b415-7e250cc762cc,4,51,1,42229-5,SPL UNCLASSIFIED SECTION,14.1 Major Depressive Disorder,1,0,2033
sertraline,98960cc1-1d44-4d89-b415-7e250cc762cc,4,52,1,42229-5,SPL UNCLASSIFIED SECTION,14.2 Obsessive-Compulsive Disorder,1,0,5524
sertraline,98960cc1-1d44-4d89-b415-7e250cc762cc,4,53,1,42229-5,SPL UNCLASSIFIED SECTION,14.3 Panic Disorder,1,0,2994
sertraline,98960cc1-1d44-4d89-b415-7e250cc762cc,4,54,1,42229-5,SPL UNCLASSIFIED SECTION,14.4 Posttraumatic Stress Disorder,1,0,3514
sertraline,98960cc1-1d44-4d89-b415-7e250cc762cc,4,55,1,42229-5,SPL UNCLASSIFIED SECTION,14.5 Social Anxiety Disorder,1,0,2926
sertraline,98960cc1-1d44-4d89-b415-7e250cc762cc,4,56,1,42229-5,SPL UNCLASSIFIED SECTION,14.6 Premenstrual Dysphoric Disorder,1,0,3314
sertraline,98960cc1-1d44-4d89-b415-7e250cc762cc,4,57,0,34069-5,HOW SUPPLIED SECTION,16 HOW SUPPLIED/STORAGE AND HANDLING,1,0,1273
sertraline,98960cc1-1d44-4d89-b415-7e250cc762cc,4,58,0,34076-0,INFORMATION FOR PATIENTS SECTION,17 PATIENT COUNSELING INFORMATION,1,0,3099
sertraline,98960cc1-1d44-4d89-b415-7e250cc762cc,4,59,0,42231-1,SPL MEDGUIDE SECTION,Medication Guide,1,0,14042
sertraline,98960cc1-1d44-4d89-b415-7e250cc762cc,4,60,0,51945-4,PACKAGE LABEL.PRINCIPAL DISPLAY PANEL,PACKAGE LABEL.PRINCIPAL DISPLAY PANEL- 25 mg 30's Container Label,1,0,161
sertraline,98960cc1-1d44-4d89-b415-7e250cc762cc,4,61,0,51945-4,PACKAGE LABEL.PRINCIPAL DISPLAY PANEL,PACKAGE LABEL.PRINCIPAL DISPLAY PANEL- 50 mg 30's Container Label,1,0,161
sertraline,98960cc1-1d44-4d89-b415-7e250cc762cc,4,62,0,51945-4,PACKAGE LABEL.PRINCIPAL DISPLAY PANEL,PACKAGE LABEL.PRINCIPAL DISPLAY PANEL- 100 mg 30's Container Label,1,0,162
albuterol,fd0389e0-3713-42e0-8ef2-3bb97676fded,2,1,0,48780-1,SPL PRODUCT DATA ELEMENTS SECTION,,0,0,0
albuterol,fd0389e0-3713-42e0-8ef2-3bb97676fded,2,2,0,34067-9,INDICATIONS & USAGE SECTION,1 INDICATIONS AND USAGE,1,2,0
albuterol,fd0389e0-3713-42e0-8ef2-3bb97676fded,2,3,1,42229-5,SPL UNCLASSIFIED SECTION,1.1 Bronchospasm,1,0,196
albuterol,fd0389e0-3713-42e0-8ef2-3bb97676fded,2,4,1,42229-5,SPL UNCLASSIFIED SECTION,1.2 Exercise-Induced Bronchospasm,1,0,157
albuterol,fd0389e0-3713-42e0-8ef2-3bb97676fded,2,5,0,34068-7,DOSAGE & ADMINISTRATION SECTION,2 DOSAGE AND ADMINISTRATION,0,3,0
albuterol,fd0389e0-3713-42e0-8ef2-3bb97676fded,2,6,1,42229-5,SPL UNCLASSIFIED SECTION,2.1 Recommended Dosage for Bronchospasm (Acute Episodes or Symptoms Associated with Bronchospasm),1,0,262
albuterol,fd0389e0-3713-42e0-8ef2-3bb97676fded,2,7,1,42229-5,SPL UNCLASSIFIED SECTION,2.2 Recommended Dosage for Prevention of Exercise-Induced Bronchospasm,1,0,119
albuterol,fd0389e0-3713-42e0-8ef2-3bb97676fded,2,8,1,42229-5,SPL UNCLASSIFIED SECTION,2.3 Administration Information,1,0,704
albuterol,fd0389e0-3713-42e0-8ef2-3bb97676fded,2,9,0,43678-2,DOSAGE FORMS & STRENGTHS SECTION,3 DOSAGE FORMS AND STRENGTHS,1,0,265
albuterol,fd0389e0-3713-42e0-8ef2-3bb97676fded,2,10,0,34070-3,CONTRAINDICATIONS SECTION,4 CONTRAINDICATIONS,1,0,189
albuterol,fd0389e0-3713-42e0-8ef2-3bb97676fded,2,11,0,43685-7,WARNINGS AND PRECAUTIONS SECTION,5 WARNINGS AND PRECAUTIONS,0,8,0
albuterol,fd0389e0-3713-42e0-8ef2-3bb97676fded,2,12,1,42229-5,SPL UNCLASSIFIED SECTION,5.1 Paradoxical Bronchospasm,1,0,438
albuterol,fd0389e0-3713-42e0-8ef2-3bb97676fded,2,13,1,42229-5,SPL UNCLASSIFIED SECTION,5.2 Deterioration of Asthma,1,0,401
albuterol,fd0389e0-3713-42e0-8ef2-3bb97676fded,2,14,1,42229-5,SPL UNCLASSIFIED SECTION,5.3 Use of Anti-inflammatory Agents,1,0,235
albuterol,fd0389e0-3713-42e0-8ef2-3bb97676fded,2,15,1,42229-5,SPL UNCLASSIFIED SECTION,5.4 Cardiovascular Effects,1,0,776
albuterol,fd0389e0-3713-42e0-8ef2-3bb97676fded,2,16,1,42229-5,SPL UNCLASSIFIED SECTION,5.5 Do Not Exceed Recommended Dose,1,0,285
albuterol,fd0389e0-3713-42e0-8ef2-3bb97676fded,2,17,1,42229-5,SPL UNCLASSIFIED SECTION,"5.6 Hypersensitivity Reactions, including Anaphylaxis",1,0,226
albuterol,fd0389e0-3713-42e0-8ef2-3bb97676fded,2,18,1,42229-5,SPL UNCLASSIFIED SECTION,5.7 Coexisting Conditions,1,0,366
albuterol,fd0389e0-3713-42e0-8ef2-3bb97676fded,2,19,1,42229-5,SPL UNCLASSIFIED SECTION,5.8 Hypokalemia,1,0,318
albuterol,fd0389e0-3713-42e0-8ef2-3bb97676fded,2,20,0,34084-4,ADVERSE REACTIONS SECTION,6 ADVERSE REACTIONS,1,2,361
albuterol,fd0389e0-3713-42e0-8ef2-3bb97676fded,2,21,1,42229-5,SPL UNCLASSIFIED SECTION,6.1 Clinical Trials Experience,1,0,4248
albuterol,fd0389e0-3713-42e0-8ef2-3bb97676fded,2,22,1,42229-5,SPL UNCLASSIFIED SECTION,6.2 Postmarketing Experience,1,0,1121
albuterol,fd0389e0-3713-42e0-8ef2-3bb97676fded,2,23,0,34073-7,DRUG INTERACTIONS SECTION,7 DRUG INTERACTIONS,1,4,253
albuterol,fd0389e0-3713-42e0-8ef2-3bb97676fded,2,24,1,42229-5,SPL UNCLASSIFIED SECTION,7.1 Beta-Adrenergic Receptor Blocking Agents,1,0,508
albuterol,fd0389e0-3713-42e0-8ef2-3bb97676fded,2,25,1,42229-5,SPL UNCLASSIFIED SECTION,7.2 Non–Potassium-Sparing Diuretics,1,0,445
albuterol,fd0389e0-3713-42e0-8ef2-3bb97676fded,2,26,1,42229-5,SPL UNCLASSIFIED SECTION,7.3 Digoxin,1,0,520
albuterol,fd0389e0-3713-42e0-8ef2-3bb97676fded,2,27,1,42229-5,SPL UNCLASSIFIED SECTION,7.4 Monoamine Oxidase Inhibitors and Tricyclic Antidepressants,1,0,298
albuterol,fd0389e0-3713-42e0-8ef2-3bb97676fded,2,28,0,43684-0,USE IN SPECIFIC POPULATIONS SECTION,8 USE IN SPECIFIC POPULATIONS,0,4,0
albuterol,fd0389e0-3713-42e0-8ef2-3bb97676fded,2,29,1,42229-5,SPL UNCLASSIFIED SECTION,8.1 Pregnancy,1,0,3890
albuterol,fd0389e0-3713-42e0-8ef2-3bb97676fded,2,30,1,42229-5,SPL UNCLASSIFIED SECTION,8.2 Lactation,1,0,677
albuterol,fd0389e0-3713-42e0-8ef2-3bb97676fded,2,31,1,42229-5,SPL UNCLASSIFIED SECTION,8.4 Pediatric Use,1,0,4175
albuterol,fd0389e0-3713-42e0-8ef2-3bb97676fded,2,32,1,42229-5,SPL UNCLASSIFIED SECTION,8.5 Geriatric Use,1,0,582
albuterol,fd0389e0-3713-42e0-8ef2-3bb97676fded,2,33,0,34088-5,OVERDOSAGE SECTION,10 OVERDOSAGE,1,0,1033
albuterol,fd0389e0-3713-42e0-8ef2-3bb97676fded,2,34,0,34089-3,DESCRIPTION SECTION,11 DESCRIPTION,1,0,1522
albuterol,fd0389e0-3713-42e0-8ef2-3bb97676fded,2,35,0,34090-1,CLINICAL PHARMACOLOGY SECTION,12 CLINICAL PHARMACOLOGY,0,2,0
albuterol,fd0389e0-3713-42e0-8ef2-3bb97676fded,2,36,1,42229-5,SPL UNCLASSIFIED SECTION,12.1 Mechanism of Action,1,0,2000
albuterol,fd0389e0-3713-42e0-8ef2-3bb97676fded,2,37,1,42229-5,SPL UNCLASSIFIED SECTION,12.3 Pharmacokinetics,1,0,754
albuterol,fd0389e0-3713-42e0-8ef2-3bb97676fded,2,38,0,43680-8,NONCLINICAL TOXICOLOGY SECTION,13 NONCLINICAL TOXICOLOGY,0,2,0
albuterol,fd0389e0-3713-42e0-8ef2-3bb97676fded,2,39,1,42229-5,SPL UNCLASSIFIED SECTION,"13.1 Carcinogenesis, Mutagenesis, Impairment of Fertility",1,0,1268
albuterol,fd0389e0-3713-42e0-8ef2-3bb97676fded,2,40,1,42229-5,SPL UNCLASSIFIED SECTION,13.2 Animal Toxicology and/or Pharmacology,1,0,669
albuterol,fd0389e0-3713-42e0-8ef2-3bb97676fded,2,41,0,34092-7,CLINICAL STUDIES SECTION,14 CLINICAL STUDIES,0,2,0
albuterol,fd0389e0-3713-42e0-8ef2-3bb97676fded,2,42,1,42229-5,SPL UNCLASSIFIED SECTION,14.1 Bronchospasm Associated with Asthma,1,0,4752
albuterol,fd0389e0-3713-42e0-8ef2-3bb97676fded,2,43,1,42229-5,SPL UNCLASSIFIED SECTION,14.2 Exercise-Induced Bronchospasm,1,0,507
albuterol,fd0389e0-3713-42e0-8ef2-3bb97676fded,2,44,0,34069-5,HOW SUPPLIED SECTION,16 HOW SUPPLIED/STORAGE AND HANDLING,1,0,1405
albuterol,fd0389e0-3713-42e0-8ef2-3bb97676fded,2,45,0,34076-0,INFORMATION FOR PATIENTS SECTION,17 PATIENT COUNSELING INFORMATION,1,0,2564
albuterol,fd0389e0-3713-42e0-8ef2-3bb97676fded,2,46,0,42230-3,SPL PATIENT PACKAGE INSERT SECTION,,1,0,6855
albuterol,fd0389e0-3713-42e0-8ef2-3bb97676fded,2,47,0,59845-8,INSTRUCTIONS FOR USE SECTION,,1,0,6825
albuterol,fd0389e0-3713-42e0-8ef2-3bb97676fded,2,48,0,51945-4,PACKAGE LABEL.PRINCIPAL DISPLAY PANEL,PACKAGE LABEL PRINCIPAL DISPLAY PANEL,1,0,447
omeprazole,516170d4-4913-4577-a2d2-f5c52d1e79c6,9,1,0,48780-1,SPL product data elements section,,0,0,0
omeprazole,516170d4-4913-4577-a2d2-f5c52d1e79c6,9,2,0,34067-9,INDICATIONS & USAGE SECTION,1 INDICATIONS AND USAGE,0,7,0
omeprazole,516170d4-4913-4577-a2d2-f5c52d1e79c6,9,3,1,42229-5,SPL UNCLASSIFIED SECTION,1.1 Treatment of Active Duodenal Ulcer,1,0,211
omeprazole,516170d4-4913-4577-a2d2-f5c52d1e79c6,9,4,1,42229-5,SPL UNCLASSIFIED SECTION,1.2 Helicobacter pylori Eradication to Reduce the Risk of Duodenal Ulcer Recurrence,1,0,1088
omeprazole,516170d4-4913-4577-a2d2-f5c52d1e79c6,9,5,1,42229-5,SPL UNCLASSIFIED SECTION,1.3 Treatment of Active Benign Gastric Ulcer,1,0,131
omeprazole,516170d4-4913-4577-a2d2-f5c52d1e79c6,9,6,1,42229-5,SPL UNCLASSIFIED SECTION,1.4 Treatment of Symptomatic Gastroesophageal Reflux Disease (GERD),1,0,176
omeprazole,516170d4-4913-4577-a2d2-f5c52d1e79c6,9,7,1,42229-5,SPL UNCLASSIFIED SECTION,1.5 Treatment of Erosive Esophagitis (EE) Due to Acid-Mediated GERD,1,0,589
omeprazole,516170d4-4913-4577-a2d2-f5c52d1e79c6,9,8,1,42229-5,SPL UNCLASSIFIED SECTION,1.6 Maintenance of Healing of EE Due to Acid-Mediated GERD,1,0,198
omeprazole,516170d4-4913-4577-a2d2-f5c52d1e79c6,9,9,1,42229-5,SPL UNCLASSIFIED SECTION,1.7 Pathological Hypersecretory Conditions,1,0,220
omeprazole,516170d4-4913-4577-a2d2-f5c52d1e79c6,9,10,0,34068-7,DOSAGE & ADMINISTRATION SECTION,2 DOSAGE AND ADMINISTRATION,0,3,0
omeprazole,516170d4-4913-4577-a2d2-f5c52d1e79c6,9,11,1,42229-5,SPL UNCLASSIFIED SECTION,2.1 Recommended Adult Dosage Regimen by Indication,1,0,2446
omeprazole,516170d4-4913-4577-a2d2-f5c52d1e79c6,9,12,1,42229-5,SPL UNCLASSIFIED SECTION,2.2 Recommended Pediatric Dosage Regimen by Indication,1,0,1190
omeprazole,516170d4-4913-4577-a2d2-f5c52d1e79c6,9,13,1,42229-5,SPL UNCLASSIFIED SECTION,2.3 Administration Instructions,1,0,1129
omeprazole,516170d4-4913-4577-a2d2-f5c52d1e79c6,9,14,0,43678-2,DOSAGE FORMS & STRENGTHS SECTION,3 DOSAGE FORMS AND STRENGTHS,1,0,221
omeprazole,516170d4-4913-4577-a2d2-f5c52d1e79c6,9,15,0,34070-3,CONTRAINDICATIONS SECTION,4 CONTRAINDICATIONS,1,0,800
omeprazole,516170d4-4913-4577-a2d2-f5c52d1e79c6,9,16,0,43685-7,WARNINGS AND PRECAUTIONS SECTION,5 WARNINGS AND PRECAUTIONS,0,13,0
omeprazole,516170d4-4913-4577-a2d2-f5c52d1e79c6,9,17,1,42229-5,SPL UNCLASSIFIED SECTION,5.1 Presence of Gastric Malignancy,1,0,332
omeprazole,516170d4-4913-4577-a2d2-f5c52d1e79c6,9,18,1,42229-5,SPL UNCLASSIFIED SECTION,5.2 Acute Tubulointerstitial Nephritis,1,0,590
omeprazole,516170d4-4913-4577-a2d2-f5c52d1e79c6,9,19,1,42229-5,SPL UNCLASSIFIED SECTION,5.3 Clostridium difficile- Associated Diarrhea,1,0,756
omeprazole,516170d4-4913-4577-a2d2-f5c52d1e79c6,9,20,1,42229-5,SPL UNCLASSIFIED SECTION,5.4 Bone Fracture,1,0,644
omeprazole,516170d4-4913-4577-a2d2-f5c52d1e79c6,9,21,1,42229-5,SPL UNCLASSIFIED SECTION,5.5 Severe Cutaneous Adverse Reactions,1,0,480
omeprazole,516170d4-4913-4577-a2d2-f5c52d1e79c6,9,22,1,42229-5,SPL UNCLASSIFIED SECTION,5.6 Cutaneous and Systemic Lupus Erythematosus,1,0,1453
omeprazole,516170d4-4913-4577-a2d2-f5c52d1e79c6,9,23,1,42229-5,SPL UNCLASSIFIED SECTION,5.7 Interaction with Clopidogrel,1,0,607
omeprazole,516170d4-4913-4577-a2d2-f5c52d1e79c6,9,24,1,42229-5,SPL UNCLASSIFIED SECTION,5.8 Cyanocobalamin (Vitamin B-12) Deficiency,1,0,469
omeprazole,516170d4-4913-4577-a2d2-f5c52d1e79c6,9,25,1,42229-5,SPL UNCLASSIFIED SECTION,5.9 Hypomagnesemia and Mineral Metabolism,1,0,1110
omeprazole,516170d4-4913-4577-a2d2-f5c52d1e79c6,9,26,1,42229-5,SPL UNCLASSIFIED SECTION,5.10 Interaction with St.John’s Wort or Rifampin,1,0,229
omeprazole,516170d4-4913-4577-a2d2-f5c52d1e79c6,9,27,1,42229-5,SPL UNCLASSIFIED SECTION,5.11 Interactions with Diagnostic Investigations for Neuroendocrine Tumors,1,0,573
omeprazole,516170d4-4913-4577-a2d2-f5c52d1e79c6,9,28,1,42229-5,SPL UNCLASSIFIED SECTION,5.12 Interaction with Methotrexate,1,0,353
omeprazole,516170d4-4913-4577-a2d2-f5c52d1e79c6,9,29,1,42229-5,SPL UNCLASSIFIED SECTION,5.13 Fundic Gland Polyps,1,0,349
omeprazole,516170d4-4913-4577-a2d2-f5c52d1e79c6,9,30,0,34084-4,ADVERSE REACTIONS SECTION,6 ADVERSE REACTIONS,1,3,608
omeprazole,516170d4-4913-4577-a2d2-f5c52d1e79c6,9,31,1,42229-5,SPL UNCLASSIFIED SECTION,6.1 Clinical Trials Experience with Omeprazole,1,0,1715
omeprazole,516170d4-4913-4577-a2d2-f5c52d1e79c6,9,32,1,42229-5,SPL UNCLASSIFIED SECTION,6.2 Clinical Trials Experience with Omeprazole in Combination Therapy for H. pylori Eradication,1,0,1320
omeprazole,516170d4-4913-4577-a2d2-f5c52d1e79c6,9,33,1,42229-5,SPL UNCLASSIFIED SECTION,6.3 Postmarketing Experience,1,0,2860
omeprazole,516170d4-4913-4577-a2d2-f5c52d1e79c6,9,34,0,34073-7,DRUG INTERACTIONS SECTION,7 DRUG INTERACTIONS,1,0,8514
omeprazole,516170d4-4913-4577-a2d2-f5c52d1e79c6,9,35,0,43684-0,USE IN SPECIFIC POPULATIONS SECTION,8 USE IN SPECIFIC POPULATIONS,0,6,0
omeprazole,516170d4-4913-4577-a2d2-f5c52d1e79c6,9,36,1,42228-7,PREGNANCY SECTION,8.1 Pregnancy,1,0,8803
omeprazole,516170d4-4913-4577-a2d2-f5c52d1e79c6,9,37,1,34080-2,NURSING MOTHERS SECTION,8.2 Lactation,1,0,423
omeprazole,516170d4-4913-4577-a2d2-f5c52d1e79c6,9,38,1,34081-0,PEDIATRIC USE SECTION,8.4 Pediatric Use,1,0,2737
omeprazole,516170d4-4913-4577-a2d2-f5c52d1e79c6,9,39,1,34082-8,GERIATRIC USE SECTION,8.5 Geriatric Use,1,0,812
omeprazole,516170d4-4913-4577-a2d2-f5c52d1e79c6,9,40,1,42229-5,SPL UNCLASSIFIED SECTION,8.6 Hepatic Impairment,1,0,351
omeprazole,516170d4-4913-4577-a2d2-f5c52d1e79c6,9,41,1,42229-5,SPL UNCLASSIFIED SECTION,8.7 Asian Population,1,0,292
omeprazole,516170d4-4913-4577-a2d2-f5c52d1e79c6,9,42,0,34088-5,OVERDOSAGE SECTION,10 OVERDOSAGE,1,0,880
omeprazole,516170d4-4913-4577-a2d2-f5c52d1e79c6,9,43,0,34089-3,DESCRIPTION SECTION,11 DESCRIPTION,1,0,1685
omeprazole,516170d4-4913-4577-a2d2-f5c52d1e79c6,9,44,0,34090-1,CLINICAL PHARMACOLOGY SECTION,12 CLINICAL PHARMACOLOGY,0,5,0
omeprazole,516170d4-4913-4577-a2d2-f5c52d1e79c6,9,45,1,43679-0,MECHANISM OF ACTION SECTION,12.1 Mechanism of Action,1,0,580
omeprazole,516170d4-4913-4577-a2d2-f5c52d1e79c6,9,46,1,43681-6,PHARMACODYNAMICS SECTION,12.2 Pharmacodynamics,1,0,5039
omeprazole,516170d4-4913-4577-a2d2-f5c52d1e79c6,9,47,1,43682-4,PHARMACOKINETICS SECTION,12.3 Pharmacokinetics,1,0,12206
omeprazole,516170d4-4913-4577-a2d2-f5c52d1e79c6,9,48,1,42229-5,SPL UNCLASSIFIED SECTION,12.4 Microbiology,1,0,4267
omeprazole,516170d4-4913-4577-a2d2-f5c52d1e79c6,9,49,1,42229-5,SPL UNCLASSIFIED SECTION,12.5 Pharmacogenomics,1,0,929
omeprazole,516170d4-4913-4577-a2d2-f5c52d1e79c6,9,50,0,43680-8,NONCLINICAL TOXICOLOGY SECTION,13 NONCLINICAL TOXICOLOGY,0,1,0
omeprazole,516170d4-4913-4577-a2d2-f5c52d1e79c6,9,51,1,34083-6,CARCINOGENESIS & MUTAGENESIS & IMPAIRMENT OF FERTILITY SECTION,"13.1 Carcinogenesis, Mutagenesis, Impairment of Fertility",1,0,3064
omeprazole,516170d4-4913-4577-a2d2-f5c52d1e79c6,9,52,0,34092-7,CLINICAL STUDIES SECTION,14 CLINICAL STUDIES,0,8,0
omeprazole,516170d4-4913-4577-a2d2-f5c52d1e79c6,9,53,1,42229-5,SPL UNCLASSIFIED SECTION,14.1 Active Duodenal Ulcer,1,0,1952
omeprazole,516170d4-4913-4577-a2d2-f5c52d1e79c6,9,54,1,42229-5,SPL UNCLASSIFIED SECTION,14.2 H.pylori Eradication in Patients with Duodenal Ulcer Disease,1,0,5936
omeprazole,516170d4-4913-4577-a2d2-f5c52d1e79c6,9,55,1,42229-5,SPL UNCLASSIFIED SECTION,14.3 Active Benign Gastric Ulcer,1,0,1316
omeprazole,516170d4-4913-4577-a2d2-f5c52d1e79c6,9,56,1,42229-5,SPL UNCLASSIFIED SECTION,14.4 Symptomatic GERD,1,0,546
omeprazole,516170d4-4913-4577-a2d2-f5c52d1e79c6,9,57,1,42229-5,SPL UNCLASSIFIED SECTION,14.5 EE due to Acid-Mediated GERD,1,0,1165
omeprazole,516170d4-4913-4577-a2d2-f5c52d1e79c6,9,58,1,42229-5,SPL UNCLASSIFIED SECTION,14.6 Maintenance of Healing of EE due to Acid-Mediated GERD,1,0,1322
omeprazole,516170d4-4913-4577-a2d2-f5c52d1e79c6,9,59,1,42229-5,SPL UNCLASSIFIED SECTION,14.7 Pathological Hypersecretory Conditions,1,0,1316
omeprazole,516170d4-4913-4577-a2d2-f5c52d1e79c6,9,60,1,42229-5,SPL UNCLASSIFIED SECTION,"14.8 Pediatric Studies for the Treatment of Symptomatic GERD, Treatment of EE due to Acid-Mediated GERD, and Maintenance of Healing of EE due to Acid-Mediated GERD",1,0,2346
omeprazole,516170d4-4913-4577-a2d2-f5c52d1e79c6,9,61,0,34093-5,REFERENCES SECTION,15 REFERENCES,1,0,320
omeprazole,516170d4-4913-4577-a2d2-f5c52d1e79c6,9,62,0,34069-5,HOW SUPPLIED SECTION,16 HOW SUPPLIED/STORAGE AND HANDLING,1,0,924
omeprazole,516170d4-4913-4577-a2d2-f5c52d1e79c6,9,63,0,34076-0,INFORMATION FOR PATIENTS SECTION,17 PATIENT COUNSELING INFORMATION,1,0,1908
omeprazole,516170d4-4913-4577-a2d2-f5c52d1e79c6,9,64,0,42231-1,SPL MEDGUIDE SECTION,Medication Guide,1,0,14588
omeprazole,516170d4-4913-4577-a2d2-f5c52d1e79c6,9,65,0,51945-4,PACKAGE LABEL.PRINCIPAL DISPLAY PANEL,Package/Label Display Panel,1,0,161
omeprazole,516170d4-4913-4577-a2d2-f5c52d1e79c6,9,66,0,51945-4,PACKAGE LABEL.PRINCIPAL DISPLAY PANEL,Package/Label Display Panel,1,0,161
apixaban,19a60552-374d-4b8b-a8ce-ceae252ea5ba,16,1,0,48780-1,SPL listing data elements section,,0,0,0
apixaban,19a60552-374d-4b8b-a8ce-ceae252ea5ba,16,2,0,34066-1,BOXED WARNING SECTION,WARNING: (A) PREMATURE DISCONTINUATION OF APIXABAN TABLETS INCREASES THE RISK OF THROMBOTIC EVENTS (B) SPINAL/EPIDURAL HEMATOMA,1,0,1696
apixaban,19a60552-374d-4b8b-a8ce-ceae252ea5ba,16,3,0,34067-9,INDICATIONS & USAGE SECTION,1 INDICATIONS AND USAGE,0,5,0
apixaban,19a60552-374d-4b8b-a8ce-ceae252ea5ba,16,4,1,42229-5,SPL UNCLASSIFIED SECTION,1.1 Reduction of Risk of Stroke and Systemic Embolism in Nonvalvular Atrial Fibrillation,1,0,131
apixaban,19a60552-374d-4b8b-a8ce-ceae252ea5ba,16,5,1,42229-5,SPL UNCLASSIFIED SECTION,1.2 Prophylaxis of Deep Vein Thrombosis Following Hip or Knee Replacement Surgery,1,0,188
apixaban,19a60552-374d-4b8b-a8ce-ceae252ea5ba,16,6,1,42229-5,SPL UNCLASSIFIED SECTION,1.3 Treatment of Deep Vein Thrombosis,1,0,56
apixaban,19a60552-374d-4b8b-a8ce-ceae252ea5ba,16,7,1,42229-5,SPL UNCLASSIFIED SECTION,1.4 Treatment of Pulmonary Embolism,1,0,55
apixaban,19a60552-374d-4b8b-a8ce-ceae252ea5ba,16,8,1,42229-5,SPL UNCLASSIFIED SECTION,1.5 Reduction in the Risk of Recurrence of DVT and PE,1,0,100
apixaban,19a60552-374d-4b8b-a8ce-ceae252ea5ba,16,9,0,34068-7,DOSAGE & ADMINISTRATION SECTION,2 DOSAGE AND ADMINISTRATION,0,6,0
apixaban,19a60552-374d-4b8b-a8ce-ceae252ea5ba,16,10,1,34068-7,DOSAGE & ADMINISTRATION SECTION,2.1 Recommended Dose,0,4,0
apixaban,19a60552-374d-4b8b-a8ce-ceae252ea5ba,16,11,2,42229-5,SPL UNCLASSIFIED SECTION,,1,0,448
apixaban,19a60552-374d-4b8b-a8ce-ceae252ea5ba,16,12,2,42229-5,SPL UNCLASSIFIED SECTION,,1,0,414
apixaban,19a60552-374d-4b8b-a8ce-ceae252ea5ba,16,13,2,42229-5,SPL UNCLASSIFIED SECTION,,1,0,200
apixaban,19a60552-374d-4b8b-a8ce-ceae252ea5ba,16,14,2,42229-5,SPL UNCLASSIFIED SECTION,,1,0,209
apixaban,19a60552-374d-4b8b-a8ce-ceae252ea5ba,16,15,1,34068-7,DOSAGE & ADMINISTRATION SECTION,2.2 Missed Dose,1,0,237
apixaban,19a60552-374d-4b8b-a8ce-ceae252ea5ba,16,16,1,34068-7,DOSAGE & ADMINISTRATION SECTION,2.3 Temporary Interruption for Surgery and Other Interventions,1,0,709
apixaban,19a60552-374d-4b8b-a8ce-ceae252ea5ba,16,17,1,34068-7,DOSAGE & ADMINISTRATION SECTION,2.4 Converting from or to Apixaban Tablets,1,0,1117
apixaban,19a60552-374d-4b8b-a8ce-ceae252ea5ba,16,18,1,34068-7,DOSAGE & ADMINISTRATION SECTION,2.5 Combined P-gp and Strong CYP3A4 Inhibitors,1,0,498
apixaban,19a60552-374d-4b8b-a8ce-ceae252ea5ba,16,19,1,42229-5,SPL UNCLASSIFIED SECTION,2.6 Administration Options,1,0,537
apixaban,19a60552-374d-4b8b-a8ce-ceae252ea5ba,16,20,0,43678-2,DOSAGE FORMS & STRENGTHS SECTION,3 DOSAGE FORMS AND STRENGTHS,1,0,208
apixaban,19a60552-374d-4b8b-a8ce-ceae252ea5ba,16,21,0,34070-3,CONTRAINDICATIONS SECTION,4 CONTRAINDICATIONS,1,0,272
apixaban,19a60552-374d-4b8b-a8ce-ceae252ea5ba,16,22,0,43685-7,WARNINGS AND PRECAUTIONS SECTION,5 WARNINGS AND PRECAUTIONS,1,6,0
apixaban,19a60552-374d-4b8b-a8ce-ceae252ea5ba,16,23,1,43685-7,WARNINGS AND PRECAUTIONS SECTION,5.1 Increased Risk of Thrombotic Events after Premature Discontinuation,1,0,535
apixaban,19a60552-374d-4b8b-a8ce-ceae252ea5ba,16,24,1,43685-7,WARNINGS AND PRECAUTIONS SECTION,5.2 Bleeding,1,1,693
apixaban,19a60552-374d-4b8b-a8ce-ceae252ea5ba,16,25,2,42229-5,SPL UNCLASSIFIED SECTION,,1,0,1281
apixaban,19a60552-374d-4b8b-a8ce-ceae252ea5ba,16,26,1,42229-5,SPL UNCLASSIFIED SECTION,5.3 Spinal/Epidural Anesthesia or Puncture,1,0,1293
apixaban,19a60552-374d-4b8b-a8ce-ceae252ea5ba,16,27,1,43685-7,WARNINGS AND PRECAUTIONS SECTION,5.4 Patients with Prosthetic Heart Valves,1,0,164
apixaban,19a60552-374d-4b8b-a8ce-ceae252ea5ba,16,28,1,42229-5,SPL UNCLASSIFIED SECTION,5.5 Acute PE in Hemodynamically Unstable Patients or Patients who Require Thrombolysis or Pulmonary Embolectomy,1,0,230
apixaban,19a60552-374d-4b8b-a8ce-ceae252ea5ba,16,29,1,42229-5,SPL UNCLASSIFIED SECTION,5.6 Increased Risk of Thrombosis in Patients with Triple Positive Antiphospholipid Syndrome,1,0,454
apixaban,19a60552-374d-4b8b-a8ce-ceae252ea5ba,16,30,0,34084-4,ADVERSE REACTIONS SECTION,6 ADVERSE REACTIONS,1,1,369
apixaban,19a60552-374d-4b8b-a8ce-ceae252ea5ba,16,31,1,34084-4,ADVERSE REACTIONS SECTION,6.1 Clinical Trials Experience,1,3,263
apixaban,19a60552-374d-4b8b-a8ce-ceae252ea5ba,16,32,2,42229-5,SPL UNCLASSIFIED SECTION,,1,2,911
apixaban,19a60552-374d-4b8b-a8ce-ceae252ea5ba,16,33,3,34084-4,ADVERSE REACTIONS SECTION,,1,0,3489
apixaban,19a60552-374d-4b8b-a8ce-ceae252ea5ba,16,34,3,34084-4,ADVERSE REACTIONS SECTION,,1,0,220
apixaban,19a60552-374d-4b8b-a8ce-ceae252ea5ba,16,35,2,42229-5,SPL UNCLASSIFIED SECTION,,1,0,4839
apixaban,19a60552-374d-4b8b-a8ce-ceae252ea5ba,16,36,2,42229-5,SPL UNCLASSIFIED SECTION,,1,3,476
apixaban,19a60552-374d-4b8b-a8ce-ceae252ea5ba,16,37,3,42229-5,SPL UNCLASSIFIED SECTION,,1,0,1666
apixaban,19a60552-374d-4b8b-a8ce-ceae252ea5ba,16,38,3,42229-5,SPL UNCLASSIFIED SECTION,,1,0,1507
apixaban,19a60552-374d-4b8b-a8ce-ceae252ea5ba,16,39,3,42229-5,SPL UNCLASSIFIED SECTION,,1,0,1067
apixaban,19a60552-374d-4b8b-a8ce-ceae252ea5ba,16,40,0,34073-7,DRUG INTERACTIONS SECTION,7 DRUG INTERACTIONS,1,3,266
apixaban,19a60552-374d-4b8b-a8ce-ceae252ea5ba,16,41,1,34073-7,DRUG INTERACTIONS SECTION,7.1 Combined P-gp and Strong CYP3A4 Inhibitors,1,0,756
apixaban,19a60552-374d-4b8b-a8ce-ceae252ea5ba,16,42,1,34073-7,DRUG INTERACTIONS SECTION,7.2 Combined P-gp and Strong CYP3A4 Inducers,1,0,231
apixaban,19a60552-374d-4b8b-a8ce-ceae252ea5ba,16,43,1,34073-7,DRUG INTERACTIONS SECTION,7.3 Anticoagulants and Antiplatelet Agents,1,0,984
apixaban,19a60552-374d-4b8b-a8ce-ceae252ea5ba,16,44,0,43684-0,USE IN SPECIFIC POPULATIONS SECTION,8 USE IN SPECIFIC POPULATIONS,1,7,0
apixaban,19a60552-374d-4b8b-a8ce-ceae252ea5ba,16,45,1,42228-7,PREGNANCY SECTION,8.1 Pregnancy,1,0,2702
apixaban,19a60552-374d-4b8b-a8ce-ceae252ea5ba,16,46,1,34079-4,LABOR & DELIVERY SECTION,8.2 Lactation,1,0,778
apixaban,19a60552-374d-4b8b-a8ce-ceae252ea5ba,16,47,1,77291-3,FEMALES & MALES OF REPRODUCTIVE POTENTIAL SECTION,8.3 Females and Males of Reproductive Potential,1,0,381
apixaban,19a60552-374d-4b8b-a8ce-ceae252ea5ba,16,48,1,34081-0,PEDIATRIC USE SECTION,8.4 Pediatric Use,1,0,73
apixaban,19a60552-374d-4b8b-a8ce-ceae252ea5ba,16,49,1,34082-8,GERIATRIC USE SECTION,8.5 Geriatric Use,1,0,564
apixaban,19a60552-374d-4b8b-a8ce-ceae252ea5ba,16,50,1,42229-5,SPL UNCLASSIFIED SECTION,8.6 Renal Impairment,0,2,0
apixaban,19a60552-374d-4b8b-a8ce-ceae252ea5ba,16,51,2,42229-5,SPL UNCLASSIFIED SECTION,,1,1,375
apixaban,19a60552-374d-4b8b-a8ce-ceae252ea5ba,16,52,3,42229-5,SPL UNCLASSIFIED SECTION,,1,0,653
apixaban,19a60552-374d-4b8b-a8ce-ceae252ea5ba,16,53,2,42229-5,SPL UNCLASSIFIED SECTION,,1,0,633
apixaban,19a60552-374d-4b8b-a8ce-ceae252ea5ba,16,54,1,42229-5,SPL UNCLASSIFIED SECTION,8.7 Hepatic Impairment,1,0,493
apixaban,19a60552-374d-4b8b-a8ce-ceae252ea5ba,16,55,0,34088-5,OVERDOSAGE SECTION,10 OVERDOSAGE,1,0,695
apixaban,19a60552-374d-4b8b-a8ce-ceae252ea5ba,16,56,0,34089-3,DESCRIPTION SECTION,11 DESCRIPTION,1,0,927
apixaban,19a60552-374d-4b8b-a8ce-ceae252ea5ba,16,57,0,34090-1,CLINICAL PHARMACOLOGY SECTION,12 CLINICAL PHARMACOLOGY,0,3,0
apixaban,19a60552-374d-4b8b-a8ce-ceae252ea5ba,16,58,1,43679-0,MECHANISM OF ACTION SECTION,12.1 Mechanism of Action,1,0,384
apixaban,19a60552-374d-4b8b-a8ce-ceae252ea5ba,16,59,1,43681-6,PHARMACODYNAMICS SECTION,12.2 Pharmacodynamics,1,4,739
apixaban,19a60552-374d-4b8b-a8ce-ceae252ea5ba,16,60,2,43681-6,PHARMACODYNAMICS SECTION,Effect of PCCs on Pharmacodynamics of Apixaban,1,0,775
apixaban,19a60552-374d-4b8b-a8ce-ceae252ea5ba,16,61,2,43681-6,PHARMACODYNAMICS SECTION,Pharmacodynamic Drug Interaction Studies,1,0,389
apixaban,19a60552-374d-4b8b-a8ce-ceae252ea5ba,16,62,2,43681-6,PHARMACODYNAMICS SECTION,Specific Populations,1,0,531
apixaban,19a60552-374d-4b8b-a8ce-ceae252ea5ba,16,63,2,43681-6,PHARMACODYNAMICS SECTION,Cardiac Electrophysiology,1,0,74
apixaban,19a60552-374d-4b8b-a8ce-ceae252ea5ba,16,64,1,43682-4,PHARMACOKINETICS SECTION,12.3 Pharmacokinetics,1,6,118
apixaban,19a60552-374d-4b8b-a8ce-ceae252ea5ba,16,65,2,43682-4,PHARMACOKINETICS SECTION,Absorption,1,0,1023
apixaban,19a60552-374d-4b8b-a8ce-ceae252ea5ba,16,66,2,43682-4,PHARMACOKINETICS SECTION,Distribution,1,0,115
apixaban,19a60552-374d-4b8b-a8ce-ceae252ea5ba,16,67,2,43682-4,PHARMACOKINETICS SECTION,Metabolism,1,0,434
apixaban,19a60552-374d-4b8b-a8ce-ceae252ea5ba,16,68,2,43682-4,PHARMACOKINETICS SECTION,Elimination,1,0,431
apixaban,19a60552-374d-4b8b-a8ce-ceae252ea5ba,16,69,2,43682-4,PHARMACOKINETICS SECTION,Drug Interaction Studies,1,0,1048
apixaban,19a60552-374d-4b8b-a8ce-ceae252ea5ba,16,70,2,43682-4,PHARMACOKINETICS SECTION,Specific Populations,1,0,2010
apixaban,19a60552-374d-4b8b-a8ce-ceae252ea5ba,16,71,0,43680-8,NONCLINICAL TOXICOLOGY SECTION,13 NONCLINICAL TOXICOLOGY,0,1,0
apixaban,19a60552-374d-4b8b-a8ce-ceae252ea5ba,16,72,1,34083-6,CARCINOGENESIS & MUTAGENESIS & IMPAIRMENT OF FERTILITY SECTION,"13.1 Carcinogenesis, Mutagenesis, Impairment of Fertility",1,0,1504
apixaban,19a60552-374d-4b8b-a8ce-ceae252ea5ba,16,73,0,34092-7,CLINICAL STUDIES SECTION,14 CLINICAL STUDIES,0,3,0
apixaban,19a60552-374d-4b8b-a8ce-ceae252ea5ba,16,74,1,34092-7,CLINICAL STUDIES SECTION,14.1 Reduction of Risk of Stroke and Systemic Embolism in Nonvalvular Atrial Fibrillation,0,2,0
apixaban,19a60552-374d-4b8b-a8ce-ceae252ea5ba,16,75,2,42229-5,SPL UNCLASSIFIED SECTION,ARISTOTLE,1,0,5700
apixaban,19a60552-374d-4b8b-a8ce-ceae252ea5ba,16,76,2,42229-5,SPL UNCLASSIFIED SECTION,AVERROES,1,0,1280
apixaban,19a60552-374d-4b8b-a8ce-ceae252ea5ba,16,77,1,34092-7,CLINICAL STUDIES SECTION,14.2 Prophylaxis of Deep Vein Thrombosis Following Hip or Knee Replacement Surgery,1,0,4636
apixaban,19a60552-374d-4b8b-a8ce-ceae252ea5ba,16,78,1,42229-5,SPL UNCLASSIFIED SECTION,14.3 Treatment of DVT and PE and Reduction in the Risk of Recurrence of DVT and PE,1,2,463
apixaban,19a60552-374d-4b8b-a8ce-ceae252ea5ba,16,79,2,42229-5,SPL UNCLASSIFIED SECTION,AMPLIFY,1,0,2710
apixaban,19a60552-374d-4b8b-a8ce-ceae252ea5ba,16,80,2,42229-5,SPL UNCLASSIFIED SECTION,AMPLIFY-EXT,1,0,1693
apixaban,19a60552-374d-4b8b-a8ce-ceae252ea5ba,16,81,0,34069-5,HOW SUPPLIED SECTION,16 HOW SUPPLIED/STORAGE AND HANDLING,0,2,0
apixaban,19a60552-374d-4b8b-a8ce-ceae252ea5ba,16,82,1,34069-5,HOW SUPPLIED SECTION,,0,1,0
apixaban,19a60552-374d-4b8b-a8ce-ceae252ea5ba,16,83,2,34069-5,HOW SUPPLIED SECTION,How Supplied,1,0,526
apixaban,19a60552-374d-4b8b-a8ce-ceae252ea5ba,16,84,1,44425-7,STORAGE AND HANDLING SECTION,,0,1,0
apixaban,19a60552-374d-4b8b-a8ce-ceae252ea5ba,16,85,2,44425-7,STORAGE AND HANDLING SECTION,Storage and Handling,1,0,134
apixaban,19a60552-374d-4b8b-a8ce-ceae252ea5ba,16,86,0,34076-0,INFORMATION FOR PATIENTS SECTION,17 PATIENT COUNSELING INFORMATION,1,0,1435
apixaban,19a60552-374d-4b8b-a8ce-ceae252ea5ba,16,87,0,42229-5,SPL UNCLASSIFIED SECTION,,1,0,211
apixaban,19a60552-374d-4b8b-a8ce-ceae252ea5ba,16,88,0,42231-1,SPL MEDGUIDE SECTION,MEDICATION GUIDE,1,0,9682
apixaban,19a60552-374d-4b8b-a8ce-ceae252ea5ba,16,89,0,51945-4,PACKAGE LABEL.PRINCIPAL DISPLAY PANEL,Principal Display Panel,1,0,35
apixaban,19a60552-374d-4b8b-a8ce-ceae252ea5ba,16,90,0,51945-4,PACKAGE LABEL.PRINCIPAL DISPLAY PANEL,Principal Display Panel,1,0,32
isotretinoin,9f1c8971-c6dc-4708-848b-5cee50b6c32a,9,1,0,48780-1,SPL listing data elements section,,0,0,0
isotretinoin,9f1c8971-c6dc-4708-848b-5cee50b6c32a,9,2,0,34066-1,BOXED WARNING SECTION,WARNING: EMBRYO-FETAL TOXICITY – CONTRAINDICATED IN PREGNANCY,1,0,941
isotretinoin,9f1c8971-c6dc-4708-848b-5cee50b6c32a,9,3,0,34067-9,INDICATIONS & USAGE SECTION,1 INDICATIONS AND USAGE,1,0,703
isotretinoin,9f1c8971-c6dc-4708-848b-5cee50b6c32a,9,4,0,34068-7,DOSAGE & ADMINISTRATION SECTION,2 DOSAGE AND ADMINISTRATION,0,3,0
isotretinoin,9f1c8971-c6dc-4708-848b-5cee50b6c32a,9,5,1,42229-5,SPL UNCLASSIFIED SECTION,2.1 Recommended Dosage,1,0,1274
isotretinoin,9f1c8971-c6dc-4708-848b-5cee50b6c32a,9,6,1,42229-5,SPL UNCLASSIFIED SECTION,2.2 Duration of Use,1,0,953
isotretinoin,9f1c8971-c6dc-4708-848b-5cee50b6c32a,9,7,1,42229-5,SPL UNCLASSIFIED SECTION,2.3 Laboratory Testing Prior to Administration,1,0,418
isotretinoin,9f1c8971-c6dc-4708-848b-5cee50b6c32a,9,8,0,43678-2,DOSAGE FORMS & STRENGTHS SECTION,3 DOSAGE FORMS AND STRENGTHS,1,0,887
isotretinoin,9f1c8971-c6dc-4708-848b-5cee50b6c32a,9,9,0,34070-3,CONTRAINDICATIONS SECTION,4 CONTRAINDICATIONS,0,2,0
isotretinoin,9f1c8971-c6dc-4708-848b-5cee50b6c32a,9,10,1,42229-5,SPL UNCLASSIFIED SECTION,4.1 Pregnancy,1,0,122
isotretinoin,9f1c8971-c6dc-4708-848b-5cee50b6c32a,9,11,1,42229-5,SPL UNCLASSIFIED SECTION,4.2 Hypersensitivity,1,0,279
isotretinoin,9f1c8971-c6dc-4708-848b-5cee50b6c32a,9,12,0,43685-7,WARNINGS AND PRECAUTIONS SECTION,5 WARNINGS AND PRECAUTIONS,0,15,0
isotretinoin,9f1c8971-c6dc-4708-848b-5cee50b6c32a,9,13,1,42229-5,SPL UNCLASSIFIED SECTION,5.1 Embryo-Fetal Toxicity,1,0,1525
isotretinoin,9f1c8971-c6dc-4708-848b-5cee50b6c32a,9,14,1,42229-5,SPL UNCLASSIFIED SECTION,5.2 iPLEDGE Program,1,0,2061
isotretinoin,9f1c8971-c6dc-4708-848b-5cee50b6c32a,9,15,1,42229-5,SPL UNCLASSIFIED SECTION,5.3 Isotretinoin and ABSORICA LD are Not Substitutable,1,0,304
isotretinoin,9f1c8971-c6dc-4708-848b-5cee50b6c32a,9,16,1,42229-5,SPL UNCLASSIFIED SECTION,5.4 Psychiatric Disorders,1,0,1113
isotretinoin,9f1c8971-c6dc-4708-848b-5cee50b6c32a,9,17,1,42229-5,SPL UNCLASSIFIED SECTION,5.5 Intracranial Hypertension (Pseudotumor Cerebri),1,0,615
isotretinoin,9f1c8971-c6dc-4708-848b-5cee50b6c32a,9,18,1,42229-5,SPL UNCLASSIFIED SECTION,5.6 Serious Skin Reactions,1,0,421
isotretinoin,9f1c8971-c6dc-4708-848b-5cee50b6c32a,9,19,1,42229-5,SPL UNCLASSIFIED SECTION,5.7 Pancreatitis,1,0,285
isotretinoin,9f1c8971-c6dc-4708-848b-5cee50b6c32a,9,20,1,42229-5,SPL UNCLASSIFIED SECTION,5.8 Lipid Abnormalities,1,0,1380
isotretinoin,9f1c8971-c6dc-4708-848b-5cee50b6c32a,9,21,1,42229-5,SPL UNCLASSIFIED SECTION,5.9 Hearing Impairment,1,0,401
isotretinoin,9f1c8971-c6dc-4708-848b-5cee50b6c32a,9,22,1,42229-5,SPL UNCLASSIFIED SECTION,5.10 Hepatotoxicity,1,0,444
isotretinoin,9f1c8971-c6dc-4708-848b-5cee50b6c32a,9,23,1,42229-5,SPL UNCLASSIFIED SECTION,5.11 Inflammatory Bowel Disease,1,0,407
isotretinoin,9f1c8971-c6dc-4708-848b-5cee50b6c32a,9,24,1,42229-5,SPL UNCLASSIFIED SECTION,5.12 Musculoskeletal Abnormalities,1,0,4502
isotretinoin,9f1c8971-c6dc-4708-848b-5cee50b6c32a,9,25,1,42229-5,SPL UNCLASSIFIED SECTION,5.13 Ocular Abnormalities,1,0,1157
isotretinoin,9f1c8971-c6dc-4708-848b-5cee50b6c32a,9,26,1,42229-5,SPL UNCLASSIFIED SECTION,5.14 Hypersensitivity Reactions,1,0,398
isotretinoin,9f1c8971-c6dc-4708-848b-5cee50b6c32a,9,27,1,42229-5,SPL UNCLASSIFIED SECTION,5.15 Laboratory Abnormalities and Laboratory Monitoring for Adverse Reactions,1,0,2238
isotretinoin,9f1c8971-c6dc-4708-848b-5cee50b6c32a,9,28,0,34084-4,ADVERSE REACTIONS SECTION,6 ADVERSE REACTIONS,1,0,5247
isotretinoin,9f1c8971-c6dc-4708-848b-5cee50b6c32a,9,29,0,34073-7,DRUG INTERACTIONS SECTION,7 DRUG INTERACTIONS,0,5,0
isotretinoin,9f1c8971-c6dc-4708-848b-5cee50b6c32a,9,30,1,42229-5,SPL UNCLASSIFIED SECTION,7.1 Vitamin A,1,0,299
isotretinoin,9f1c8971-c6dc-4708-848b-5cee50b6c32a,9,31,1,42229-5,SPL UNCLASSIFIED SECTION,7.2 Tetracyclines,1,0,291
isotretinoin,9f1c8971-c6dc-4708-848b-5cee50b6c32a,9,32,1,42229-5,SPL UNCLASSIFIED SECTION,7.3 Phenytoin,1,0,252
isotretinoin,9f1c8971-c6dc-4708-848b-5cee50b6c32a,9,33,1,42229-5,SPL UNCLASSIFIED SECTION,7.4 Systemic Corticosteroids,1,0,299
isotretinoin,9f1c8971-c6dc-4708-848b-5cee50b6c32a,9,34,1,42229-5,SPL UNCLASSIFIED SECTION,7.5 Norethindrone and Ethinyl Estradiol,1,0,626
isotretinoin,9f1c8971-c6dc-4708-848b-5cee50b6c32a,9,35,0,43684-0,USE IN SPECIFIC POPULATIONS SECTION,8 USE IN SPECIFIC POPULATIONS,0,5,0
isotretinoin,9f1c8971-c6dc-4708-848b-5cee50b6c32a,9,36,1,42228-7,PREGNANCY SECTION,8.1 Pregnancy,1,0,2120
isotretinoin,9f1c8971-c6dc-4708-848b-5cee50b6c32a,9,37,1,77290-5,LACTATION SECTION,8.2 Lactation,1,0,410
isotretinoin,9f1c8971-c6dc-4708-848b-5cee50b6c32a,9,38,1,77291-3,FEMALES & MALES OF REPRODUCTIVE POTENTIAL SECTION,8.3 Females and Males of Reproductive Potential,1,0,5707
isotretinoin,9f1c8971-c6dc-4708-848b-5cee50b6c32a,9,39,1,34081-0,PEDIATRIC USE SECTION,8.4 Pediatric Use,1,0,5028
isotretinoin,9f1c8971-c6dc-4708-848b-5cee50b6c32a,9,40,1,34082-8,GERIATRIC USE SECTION,8.5 Geriatric Use,1,0,397
isotretinoin,9f1c8971-c6dc-4708-848b-5cee50b6c32a,9,41,0,34088-5,OVERDOSAGE SECTION,10 OVERDOSAGE,1,0,727
isotretinoin,9f1c8971-c6dc-4708-848b-5cee50b6c32a,9,42,0,34089-3,DESCRIPTION SECTION,11 DESCRIPTION,1,0,1848
isotretinoin,9f1c8971-c6dc-4708-848b-5cee50b6c32a,9,43,0,34090-1,CLINICAL PHARMACOLOGY SECTION,12 CLINICAL PHARMACOLOGY,0,3,0
isotretinoin,9f1c8971-c6dc-4708-848b-5cee50b6c32a,9,44,1,43679-0,MECHANISM OF ACTION SECTION,12.1 Mechanism of Action,1,0,616
isotretinoin,9f1c8971-c6dc-4708-848b-5cee50b6c32a,9,45,1,43681-6,PHARMACODYNAMICS SECTION,12.2 Pharmacodynamics,1,0,48
isotretinoin,9f1c8971-c6dc-4708-848b-5cee50b6c32a,9,46,1,43682-4,PHARMACOKINETICS SECTION,12.3 Pharmacokinetics,1,0,2655
isotretinoin,9f1c8971-c6dc-4708-848b-5cee50b6c32a,9,47,0,43680-8,NONCLINICAL TOXICOLOGY SECTION,13 NONCLINICAL TOXICOLOGY,0,2,0
isotretinoin,9f1c8971-c6dc-4708-848b-5cee50b6c32a,9,48,1,34083-6,CARCINOGENESIS & MUTAGENESIS & IMPAIRMENT OF FERTILITY SECTION,"13.1 Carcinogenesis, Mutagenesis and Impairment of Fertility",1,0,2065
isotretinoin,9f1c8971-c6dc-4708-848b-5cee50b6c32a,9,49,1,34091-9,ANIMAL PHARMACOLOGY & OR TOXICOLOGY SECTION,13.2 Animal Toxicology,1,0,801
isotretinoin,9f1c8971-c6dc-4708-848b-5cee50b6c32a,9,50,0,34092-7,CLINICAL STUDIES SECTION,14 CLINICAL STUDIES,1,0,1916
isotretinoin,9f1c8971-c6dc-4708-848b-5cee50b6c32a,9,51,0,34093-5,REFERENCES SECTION,15 REFERENCES,1,0,138
isotretinoin,9f1c8971-c6dc-4708-848b-5cee50b6c32a,9,52,0,34069-5,HOW SUPPLIED SECTION,16 HOW SUPPLIED/STORAGE AND HANDLING,1,0,1468
isotretinoin,9f1c8971-c6dc-4708-848b-5cee50b6c32a,9,53,0,34076-0,INFORMATION FOR PATIENTS SECTION,17 PATIENT COUNSELING INFORMATION,1,0,6111
isotretinoin,9f1c8971-c6dc-4708-848b-5cee50b6c32a,9,54,0,42231-1,SPL MEDGUIDE SECTION,MEDICATION GUIDE,1,0,16807
isotretinoin,9f1c8971-c6dc-4708-848b-5cee50b6c32a,9,55,0,51945-4,PACKAGE LABEL.PRINCIPAL DISPLAY PANEL,PRINCIPAL DISPLAY PANEL,1,11,0
isotretinoin,9f1c8971-c6dc-4708-848b-5cee50b6c32a,9,56,1,42229-5,SPL UNCLASSIFIED SECTION,,1,0,0
isotretinoin,9f1c8971-c6dc-4708-848b-5cee50b6c32a,9,57,1,42229-5,SPL UNCLASSIFIED SECTION,,1,0,0
isotretinoin,9f1c8971-c6dc-4708-848b-5cee50b6c32a,9,58,1,42229-5,SPL UNCLASSIFIED SECTION,,1,0,0
isotretinoin,9f1c8971-c6dc-4708-848b-5cee50b6c32a,9,59,1,42229-5,SPL UNCLASSIFIED SECTION,,1,0,0
isotretinoin,9f1c8971-c6dc-4708-848b-5cee50b6c32a,9,60,1,42229-5,SPL UNCLASSIFIED SECTION,,1,0,0
isotretinoin,9f1c8971-c6dc-4708-848b-5cee50b6c32a,9,61,1,42229-5,SPL UNCLASSIFIED SECTION,,1,0,0
isotretinoin,9f1c8971-c6dc-4708-848b-5cee50b6c32a,9,62,1,42229-5,SPL UNCLASSIFIED SECTION,,1,0,0
isotretinoin,9f1c8971-c6dc-4708-848b-5cee50b6c32a,9,63,1,42229-5,SPL UNCLASSIFIED SECTION,,1,0,0
isotretinoin,9f1c8971-c6dc-4708-848b-5cee50b6c32a,9,64,1,42229-5,SPL UNCLASSIFIED SECTION,,1,0,0
isotretinoin,9f1c8971-c6dc-4708-848b-5cee50b6c32a,9,65,1,42229-5,SPL UNCLASSIFIED SECTION,,1,0,0
isotretinoin,9f1c8971-c6dc-4708-848b-5cee50b6c32a,9,66,1,42229-5,SPL UNCLASSIFIED SECTION,,1,0,0
methotrexate,8f1260de-b60c-4f0e-8af6-0e957b0a281b,7,1,0,48780-1,SPL PRODUCT DATA ELEMENTS SECTION,,0,0,0
methotrexate,8f1260de-b60c-4f0e-8af6-0e957b0a281b,7,2,0,43683-2,RECENT MAJOR CHANGES SECTION,,0,0,0
methotrexate,8f1260de-b60c-4f0e-8af6-0e957b0a281b,7,3,0,34066-1,BOXED WARNING SECTION,"WARNING: EMBRYO-FETAL TOXICITY, HYPERSENSITIVITY REACTIONS, and SEVERE ADVERSE REACTIONS",1,0,908
methotrexate,8f1260de-b60c-4f0e-8af6-0e957b0a281b,7,4,0,34067-9,INDICATIONS & USAGE SECTION,1 INDICATIONS AND USAGE,0,4,0
methotrexate,8f1260de-b60c-4f0e-8af6-0e957b0a281b,7,5,1,42229-5,Spl Unclassified Section,1.1 Neoplastic Diseases,1,0,450
methotrexate,8f1260de-b60c-4f0e-8af6-0e957b0a281b,7,6,1,42229-5,Spl Unclassified Section,1.2 Rheumatoid Arthritis,1,0,89
methotrexate,8f1260de-b60c-4f0e-8af6-0e957b0a281b,7,7,1,42229-5,Spl Unclassified Section,1.3 Polyarticular Juvenile Idiopathic Arthritis,1,0,131
methotrexate,8f1260de-b60c-4f0e-8af6-0e957b0a281b,7,8,1,42229-5,Spl Unclassified Section,1.4 Psoriasis,1,0,85
methotrexate,8f1260de-b60c-4f0e-8af6-0e957b0a281b,7,9,0,34068-7,DOSAGE & ADMINISTRATION SECTION,2 DOSAGE AND ADMINISTRATION,0,6,0
methotrexate,8f1260de-b60c-4f0e-8af6-0e957b0a281b,7,10,1,42229-5,Spl Unclassified Section,2.1 Important Dosage and Safety Information,1,0,659
methotrexate,8f1260de-b60c-4f0e-8af6-0e957b0a281b,7,11,1,42229-5,Spl Unclassified Section,2.2 Recommended Dosage for Neoplastic Diseases,1,0,812
methotrexate,8f1260de-b60c-4f0e-8af6-0e957b0a281b,7,12,1,42229-5,Spl Unclassified Section,2.3 Recommended Dosage for Rheumatoid Arthritis,1,0,563
methotrexate,8f1260de-b60c-4f0e-8af6-0e957b0a281b,7,13,1,42229-5,Spl Unclassified Section,2.4 Recommended Dosage for Polyarticular Juvenile Idiopathic Arthritis,1,0,570
methotrexate,8f1260de-b60c-4f0e-8af6-0e957b0a281b,7,14,1,42229-5,Spl Unclassified Section,2.5 Recommended Dosage for Psoriasis,1,0,477
methotrexate,8f1260de-b60c-4f0e-8af6-0e957b0a281b,7,15,1,42229-5,Spl Unclassified Section,2.6 Dosage Modifications for Adverse Reactions,1,0,805
methotrexate,8f1260de-b60c-4f0e-8af6-0e957b0a281b,7,16,0,43678-2,DOSAGE FORMS & STRENGTHS SECTION,3 DOSAGE FORMS AND STRENGTHS,1,0,143
methotrexate,8f1260de-b60c-4f0e-8af6-0e957b0a281b,7,17,0,34070-3,CONTRAINDICATIONS SECTION,4 CONTRAINDICATIONS,1,0,355
methotrexate,8f1260de-b60c-4f0e-8af6-0e957b0a281b,7,18,0,43685-7,WARNINGS AND PRECAUTIONS SECTION,5 WARNINGS AND PRECAUTIONS,0,16,0
methotrexate,8f1260de-b60c-4f0e-8af6-0e957b0a281b,7,19,1,42229-5,Spl Unclassified Section,5.1 Embryo-Fetal Toxicity,1,0,774
methotrexate,8f1260de-b60c-4f0e-8af6-0e957b0a281b,7,20,1,42229-5,Spl Unclassified Section,5.2 Hypersensitivity Reactions,1,0,298
methotrexate,8f1260de-b60c-4f0e-8af6-0e957b0a281b,7,21,1,42229-5,Spl Unclassified Section,5.3 Myelosuppression,1,0,646
methotrexate,8f1260de-b60c-4f0e-8af6-0e957b0a281b,7,22,1,42229-5,Spl Unclassified Section,5.4 Gastrointestinal Toxicity,1,0,751
methotrexate,8f1260de-b60c-4f0e-8af6-0e957b0a281b,7,23,1,42229-5,Spl Unclassified Section,5.5 Hepatotoxicity,1,0,966
methotrexate,8f1260de-b60c-4f0e-8af6-0e957b0a281b,7,24,1,42229-5,Spl Unclassified Section,5.6 Pulmonary Toxicity,1,0,508
methotrexate,8f1260de-b60c-4f0e-8af6-0e957b0a281b,7,25,1,42229-5,Spl Unclassified Section,5.7 Dermatologic Reactions,1,0,888
methotrexate,8f1260de-b60c-4f0e-8af6-0e957b0a281b,7,26,1,42229-5,Spl Unclassified Section,5.8 Renal Toxicity,1,0,782
methotrexate,8f1260de-b60c-4f0e-8af6-0e957b0a281b,7,27,1,42229-5,Spl Unclassified Section,5.9 Risk of Serious Adverse Reactions with Medication Error,1,0,366
methotrexate,8f1260de-b60c-4f0e-8af6-0e957b0a281b,7,28,1,42229-5,Spl Unclassified Section,5.11 Serious Infections,1,0,812
methotrexate,8f1260de-b60c-4f0e-8af6-0e957b0a281b,7,29,1,42229-5,Spl Unclassified Section,5.12 Neurotoxicity,1,0,573
methotrexate,8f1260de-b60c-4f0e-8af6-0e957b0a281b,7,30,1,42229-5,Spl Unclassified Section,5.13 Secondary Malignancies,1,0,496
methotrexate,8f1260de-b60c-4f0e-8af6-0e957b0a281b,7,31,1,42229-5,Spl Unclassified Section,5.14 Tumor Lysis Syndrome,1,0,219
methotrexate,8f1260de-b60c-4f0e-8af6-0e957b0a281b,7,32,1,42229-5,Spl Unclassified Section,5.15 Immunization and Risks Associated with Live Vaccines,1,0,547
methotrexate,8f1260de-b60c-4f0e-8af6-0e957b0a281b,7,33,1,42229-5,Spl Unclassified Section,5.16 Infertility,1,0,292
methotrexate,8f1260de-b60c-4f0e-8af6-0e957b0a281b,7,34,1,42229-5,Spl Unclassified Section,5.17 Increased Risk of Adverse Reactions Due to Third-Space Accumulation,1,0,468
methotrexate,8f1260de-b60c-4f0e-8af6-0e957b0a281b,7,35,0,34084-4,ADVERSE REACTIONS SECTION,6 ADVERSE REACTIONS,1,2,831
methotrexate,8f1260de-b60c-4f0e-8af6-0e957b0a281b,7,36,1,42229-5,Spl Unclassified Section,6.1 Clinical Trials Experience,1,0,2555
methotrexate,8f1260de-b60c-4f0e-8af6-0e957b0a281b,7,37,1,42229-5,Spl Unclassified Section,6.2 Postmarketing Experience,1,0,1970
methotrexate,8f1260de-b60c-4f0e-8af6-0e957b0a281b,7,38,0,34073-7,DRUG INTERACTIONS SECTION,7 DRUG INTERACTIONS,0,1,0
methotrexate,8f1260de-b60c-4f0e-8af6-0e957b0a281b,7,39,1,42229-5,Spl Unclassified Section,7.1 Effects of Other Drugs on Methotrexate,1,0,1904
methotrexate,8f1260de-b60c-4f0e-8af6-0e957b0a281b,7,40,0,43684-0,USE IN SPECIFIC POPULATIONS SECTION,8 USE IN SPECIFIC POPULATIONS,0,7,0
methotrexate,8f1260de-b60c-4f0e-8af6-0e957b0a281b,7,41,1,42228-7,PREGNANCY SECTION,8.1 Pregnancy,1,0,2521
methotrexate,8f1260de-b60c-4f0e-8af6-0e957b0a281b,7,42,1,77290-5,LACTATION SECTION,8.2 Lactation,1,0,507
methotrexate,8f1260de-b60c-4f0e-8af6-0e957b0a281b,7,43,1,77291-3,FEMALES & MALES OF REPRODUCTIVE POTENTIAL SECTION,8.3 Females and Males of Reproductive Potential,1,0,1390
methotrexate,8f1260de-b60c-4f0e-8af6-0e957b0a281b,7,44,1,34081-0,PEDIATRIC USE SECTION,8.4 Pediatric Use,1,0,545
methotrexate,8f1260de-b60c-4f0e-8af6-0e957b0a281b,7,45,1,34082-8,GERIATRIC USE SECTION,8.5 Geriatric Use,1,0,165
methotrexate,8f1260de-b60c-4f0e-8af6-0e957b0a281b,7,46,1,88828-9,RENAL IMPAIRMENT SUBSECTION,8.6 Renal Impairment,1,0,438
methotrexate,8f1260de-b60c-4f0e-8af6-0e957b0a281b,7,47,1,88829-7,HEPATIC IMPAIRMENT SUBSECTION,8.7 Hepatic Impairment,1,0,460
methotrexate,8f1260de-b60c-4f0e-8af6-0e957b0a281b,7,48,0,34088-5,OVERDOSAGE SECTION,10 OVERDOSAGE,1,0,1582
methotrexate,8f1260de-b60c-4f0e-8af6-0e957b0a281b,7,49,0,34089-3,DESCRIPTION SECTION,11 DESCRIPTION,1,0,559
methotrexate,8f1260de-b60c-4f0e-8af6-0e957b0a281b,7,50,0,34090-1,CLINICAL PHARMACOLOGY SECTION,12 CLINICAL PHARMACOLOGY,0,2,0
methotrexate,8f1260de-b60c-4f0e-8af6-0e957b0a281b,7,51,1,43679-0,MECHANISM OF ACTION SECTION,12.1 Mechanism of Action,1,0,607
methotrexate,8f1260de-b60c-4f0e-8af6-0e957b0a281b,7,52,1,43682-4,PHARMACOKINETICS SECTION,12.3 Pharmacokinetics,1,0,2950
methotrexate,8f1260de-b60c-4f0e-8af6-0e957b0a281b,7,53,0,43680-8,NONCLINICAL TOXICOLOGY SECTION,13 NONCLINICAL TOXICOLOGY,0,1,0
methotrexate,8f1260de-b60c-4f0e-8af6-0e957b0a281b,7,54,1,34083-6,CARCINOGENESIS & MUTAGENESIS & IMPAIRMENT OF FERTILITY SECTION,"13.1 Carcinogenesis, Mutagenesis, Impairment of Fertility",1,0,230
methotrexate,8f1260de-b60c-4f0e-8af6-0e957b0a281b,7,55,0,34093-5,REFERENCES SECTION,15 REFERENCES,1,0,84
methotrexate,8f1260de-b60c-4f0e-8af6-0e957b0a281b,7,56,0,34069-5,HOW SUPPLIED SECTION,16 HOW SUPPLIED/STORAGE AND HANDLING,1,0,478
methotrexate,8f1260de-b60c-4f0e-8af6-0e957b0a281b,7,57,0,34076-0,INFORMATION FOR PATIENTS SECTION,17 PATIENT COUNSELING INFORMATION,1,0,4037
methotrexate,8f1260de-b60c-4f0e-8af6-0e957b0a281b,7,58,0,42230-3,SPL PATIENT PACKAGE INSERT SECTION,Patient Information,1,0,15656
methotrexate,8f1260de-b60c-4f0e-8af6-0e957b0a281b,7,59,0,51945-4,PACKAGE LABEL.PRINCIPAL DISPLAY PANEL,PACKAGE LABEL.PRINCIPAL DISPLAY PANEL,1,0,190
