concept_name,section_uid,depth,loinc_code,code_display_name,raw_title,normalized_title,reason,parent_section_uid,heading_path,direct_char_count,child_count
acetaminophen,48b05cb8-c496-42d7-8c1e-7ad0dfa40fe3,0,42229-5,SPL UNCLASSIFIED SECTION,,,unclassified_no_title,,SPL UNCLASSIFIED SECTION,552,0
metformin,1e234bc4-4455-4efd-8b35-87affd7049d5,1,42229-5,SPL UNCLASSIFIED SECTION,2.1 Adult Dosage,ADULT DOSAGE,unclassified_with_title,f74b8a01-4fd2-428a-8c18-b30e02a096f6,2 DOSAGE AND ADMINISTRATION > 2.1 Adult Dosage,436,0
metformin,1bd7de3b-0d1a-4e8d-b26f-a765ca3dba14,1,42229-5,SPL UNCLASSIFIED SECTION,2.2 Pediatric Dosage for Metformin Hydrochloride Tablets,PEDIATRIC DOSAGE FOR METFORMIN HYDROCHLORIDE TABLETS,unclassified_with_title,f74b8a01-4fd2-428a-8c18-b30e02a096f6,2 DOSAGE AND ADMINISTRATION > 2.2 Pediatric Dosage for Metformin Hydrochloride Tablets,335,0
metformin,ae39b335-5130-497e-bd43-0ed084b24a68,1,42229-5,SPL UNCLASSIFIED SECTION,2.3 Recommendations for Use in Renal Impairment,RECOMMENDATIONS FOR USE IN RENAL IMPAIRMENT,unclassified_with_title,f74b8a01-4fd2-428a-8c18-b30e02a096f6,2 DOSAGE AND ADMINISTRATION > 2.3 Recommendations for Use in Renal Impairment,679,0
metformin,a3a368dd-bc65-4d5f-8ce1-88fb94ca97a7,1,42229-5,SPL UNCLASSIFIED SECTION,2.4 Discontinuation for Iodinated Contrast Imaging Procedures,DISCONTINUATION FOR IODINATED CONTRAST IMAGING PROCEDURES,unclassified_with_title,f74b8a01-4fd2-428a-8c18-b30e02a096f6,2 DOSAGE AND ADMINISTRATION > 2.4 Discontinuation for Iodinated Contrast Imaging Procedures,447,0
metformin,79785c0c-ec18-47ca-a4ee-e85b5f74651b,1,42229-5,SPL UNCLASSIFIED SECTION,5.1 Lactic Acidosis,LACTIC ACIDOSIS,unclassified_with_title,68e1d338-dcfb-453d-9b9f-d7aad6654e28,5 WARNINGS AND PRECAUTIONS > 5.1 Lactic Acidosis,6293,0
metformin,6e05de20-0e9a-47fc-8d2a-b2099a8831a5,1,42229-5,SPL UNCLASSIFIED SECTION,5.2 Vitamin B 12 Deficiency,VITAMIN B 12 DEFICIENCY,unclassified_with_title,68e1d338-dcfb-453d-9b9f-d7aad6654e28,5 WARNINGS AND PRECAUTIONS > 5.2 Vitamin B 12 Deficiency,816,0
metformin,48ad95d5-fcca-40d6-a8c0-0133f85b8698,1,42229-5,SPL UNCLASSIFIED SECTION,5.3 Hypoglycemia with Concomitant Use with Insulin and Insulin Secretagogues,HYPOGLYCEMIA WITH CONCOMITANT USE WITH INSULIN AND INSULIN SECRETAGOGUES,unclassified_with_title,68e1d338-dcfb-453d-9b9f-d7aad6654e28,5 WARNINGS AND PRECAUTIONS > 5.3 Hypoglycemia with Concomitant Use with Insulin and Insulin Secretagogues,422,0
metformin,8886d72e-25ea-4842-a0b1-67b7c4c33a8f,1,42229-5,SPL UNCLASSIFIED SECTION,5.4 Macrovascular Outcomes,MACROVASCULAR OUTCOMES,unclassified_with_title,68e1d338-dcfb-453d-9b9f-d7aad6654e28,5 WARNINGS AND PRECAUTIONS > 5.4 Macrovascular Outcomes,138,0
metformin,4621c2d7-32f9-4fe6-bc17-d807a4a2960e,1,42229-5,SPL UNCLASSIFIED SECTION,6.1 Clinical Studies Experience,CLINICAL STUDIES EXPERIENCE,unclassified_with_title,81881f45-75d8-4c2f-ab87-3d438d3e3bac,6 ADVERSE REACTIONS > 6.1 Clinical Studies Experience,263,1
metformin,13f458ca-0107-418b-924d-be8b2858a4a3,2,42229-5,SPL UNCLASSIFIED SECTION,Metformin Hydrochloride Tablets,METFORMIN HYDROCHLORIDE TABLETS,unclassified_with_title,4621c2d7-32f9-4fe6-bc17-d807a4a2960e,6 ADVERSE REACTIONS > 6.1 Clinical Studies Experience > Metformin Hydrochloride Tablets,1407,1
metformin,0f7c4f55-ae92-4e38-bf3c-aeedf0dcba65,3,42229-5,SPL UNCLASSIFIED SECTION,Pediatric Patients,PEDIATRIC PATIENTS,unclassified_with_title,13f458ca-0107-418b-924d-be8b2858a4a3,6 ADVERSE REACTIONS > 6.1 Clinical Studies Experience > Metformin Hydrochloride Tablets > Pediatric Patients,181,0
metformin,04564b27-89dc-4c88-97f8-40d4907e50ac,2,42229-5,SPL UNCLASSIFIED SECTION,Clinical Considerations,CLINICAL CONSIDERATIONS,unclassified_with_title,489d917f-011e-4adb-ae71-f438a1651c8e,8 USE IN SPECIFIC POPULATIONS > 8.1 Pregnancy > Clinical Considerations,0,1
metformin,27bca37e-7425-49ad-aaa5-68befd71435c,3,42229-5,SPL UNCLASSIFIED SECTION,Disease-associated Maternal and/or Embryo/Fetal Risk,DISEASE-ASSOCIATED MATERNAL AND/OR EMBRYO/FETAL RISK,unclassified_with_title,04564b27-89dc-4c88-97f8-40d4907e50ac,8 USE IN SPECIFIC POPULATIONS > 8.1 Pregnancy > Clinical Considerations > Disease-associated Maternal and/or Embryo/Fetal Risk,330,0
metformin,0079af1b-9977-459c-ae82-3e79f8a94ac6,2,42229-5,SPL UNCLASSIFIED SECTION,Data,DATA,unclassified_with_title,489d917f-011e-4adb-ae71-f438a1651c8e,8 USE IN SPECIFIC POPULATIONS > 8.1 Pregnancy > Data,0,2
metformin,a3614c63-84b4-4b1e-b8ea-a7e58bcb984e,3,42229-5,SPL UNCLASSIFIED SECTION,Human Data,HUMAN DATA,unclassified_with_title,0079af1b-9977-459c-ae82-3e79f8a94ac6,8 USE IN SPECIFIC POPULATIONS > 8.1 Pregnancy > Data > Human Data,412,0
metformin,be886151-0f9c-4da0-b658-5a925bf70438,3,42229-5,SPL UNCLASSIFIED SECTION,Animal Data,ANIMAL DATA,unclassified_with_title,0079af1b-9977-459c-ae82-3e79f8a94ac6,8 USE IN SPECIFIC POPULATIONS > 8.1 Pregnancy > Data > Animal Data,389,0
metformin,ff660ae2-c3b7-476a-9bb1-1fe316dea9da,2,42229-5,SPL UNCLASSIFIED SECTION,Data,DATA,unclassified_with_title,bc6125b5-2d3d-4599-be32-07484b651d2f,8 USE IN SPECIFIC POPULATIONS > 8.2 Lactation > Data,422,0
metformin,b9911c45-ab72-4056-a235-ce4c4e92fed9,2,42229-5,SPL UNCLASSIFIED SECTION,Metformin Hydrochloride Tablets,METFORMIN HYDROCHLORIDE TABLETS,unclassified_with_title,a28021ec-5227-485e-99fd-3ff5bbe4ccfa,8 USE IN SPECIFIC POPULATIONS > 8.4 Pediatric Use > Metformin Hydrochloride Tablets,983,0
metformin,4d3ee4f0-d89b-4e5b-b7cd-30bcd105920e,2,42229-5,SPL UNCLASSIFIED SECTION,Absorption,ABSORPTION,unclassified_with_title,cb786497-d5ea-45fa-b651-93314437675c,12 CLINICAL PHARMACOLOGY > 12.3 Pharmacokinetics > Absorption,582,1
metformin,ddebc8a2-b0cf-4a42-b027-327327652506,3,42229-5,SPL UNCLASSIFIED SECTION,Effect of Food,EFFECT OF FOOD,unclassified_with_title,4d3ee4f0-d89b-4e5b-b7cd-30bcd105920e,12 CLINICAL PHARMACOLOGY > 12.3 Pharmacokinetics > Absorption > Effect of Food,471,0
metformin,939561b6-fdae-4846-9a25-c7abbe6138ea,2,42229-5,SPL UNCLASSIFIED SECTION,Distribution,DISTRIBUTION,unclassified_with_title,cb786497-d5ea-45fa-b651-93314437675c,12 CLINICAL PHARMACOLOGY > 12.3 Pharmacokinetics > Distribution,271,0
metformin,0452552d-1d6e-4e4e-82a9-aaffc1e1ae34,2,42229-5,SPL UNCLASSIFIED SECTION,Metabolism,METABOLISM,unclassified_with_title,cb786497-d5ea-45fa-b651-93314437675c,12 CLINICAL PHARMACOLOGY > 12.3 Pharmacokinetics > Metabolism,223,0
metformin,bd660640-59a9-4831-b595-ea2f5f085dc3,2,42229-5,SPL UNCLASSIFIED SECTION,Elimination,ELIMINATION,unclassified_with_title,cb786497-d5ea-45fa-b651-93314437675c,12 CLINICAL PHARMACOLOGY > 12.3 Pharmacokinetics > Elimination,510,0
metformin,fd1da44c-f998-4427-98c6-ec59d30787bb,2,42229-5,SPL UNCLASSIFIED SECTION,Specific Populations,SPECIFIC POPULATIONS,unclassified_with_title,cb786497-d5ea-45fa-b651-93314437675c,12 CLINICAL PHARMACOLOGY > 12.3 Pharmacokinetics > Specific Populations,0,6
metformin,5ad594e0-85bb-44fc-813d-b47e11832c93,3,42229-5,SPL UNCLASSIFIED SECTION,Geriatrics,GERIATRICS,unclassified_with_title,fd1da44c-f998-4427-98c6-ec59d30787bb,12 CLINICAL PHARMACOLOGY > 12.3 Pharmacokinetics > Specific Populations > Geriatrics,1930,0
metformin,b8c1bda0-bafd-4bef-af56-3b32580569a8,3,42229-5,SPL UNCLASSIFIED SECTION,Pediatrics,PEDIATRICS,unclassified_with_title,fd1da44c-f998-4427-98c6-ec59d30787bb,12 CLINICAL PHARMACOLOGY > 12.3 Pharmacokinetics > Specific Populations > Pediatrics,311,0
metformin,db016b28-ef35-4ee4-ab6c-59601abaeebc,3,42229-5,SPL UNCLASSIFIED SECTION,Gender,GENDER,unclassified_with_title,fd1da44c-f998-4427-98c6-ec59d30787bb,12 CLINICAL PHARMACOLOGY > 12.3 Pharmacokinetics > Specific Populations > Gender,194,0
metformin,dcb07eaf-300d-48cb-bbc7-eb0fde4fde8c,3,42229-5,SPL UNCLASSIFIED SECTION,Race,RACE,unclassified_with_title,fd1da44c-f998-4427-98c6-ec59d30787bb,12 CLINICAL PHARMACOLOGY > 12.3 Pharmacokinetics > Specific Populations > Race,89,0
metformin,ff4d5be3-473b-4a30-ad52-91b85f400381,3,42229-5,SPL UNCLASSIFIED SECTION,In Vivo Assessment of Drug Interactions,IN VIVO ASSESSMENT OF DRUG INTERACTIONS,unclassified_with_title,98e1e684-1a96-4814-8a5a-f1a667548589,12 CLINICAL PHARMACOLOGY > 12.3 Pharmacokinetics > Drug Interactions > In Vivo Assessment of Drug Interactions,1799,0
metformin,366cd5d2-6a73-48bf-9907-67fbb6e88522,1,42229-5,SPL UNCLASSIFIED SECTION,14.1 Metformin Hydrochloride Tablets,METFORMIN HYDROCHLORIDE TABLETS,unclassified_with_title,1eb4de3b-d302-43d2-aa71-e30434414bd4,14 CLINICAL STUDIES > 14.1 Metformin Hydrochloride Tablets,0,2
metformin,7c556795-86f9-431b-8a0c-7519059b8ab0,2,42229-5,SPL UNCLASSIFIED SECTION,Adult Clinical Studies,ADULT CLINICAL STUDIES,unclassified_with_title,366cd5d2-6a73-48bf-9907-67fbb6e88522,14 CLINICAL STUDIES > 14.1 Metformin Hydrochloride Tablets > Adult Clinical Studies,3371,0
metformin,e020d240-23a3-4296-9294-919b21080139,2,42229-5,SPL UNCLASSIFIED SECTION,Pediatric Clinical Studies,PEDIATRIC CLINICAL STUDIES,unclassified_with_title,366cd5d2-6a73-48bf-9907-67fbb6e88522,14 CLINICAL STUDIES > 14.1 Metformin Hydrochloride Tablets > Pediatric Clinical Studies,943,0
metformin,c4ebe09c-366a-40e5-97a1-a284cfc1ea5f,1,42229-5,SPL UNCLASSIFIED SECTION,16.1 How Supplied,HOW SUPPLIED,unclassified_with_title,03d3c6b8-8d0e-400f-89fb-c059a2e28c97,16 HOW SUPPLIED/STORAGE AND HANDLING > 16.1 How Supplied,991,0
metformin,7e9e1057-5af3-4182-a7eb-e98d8c3143d9,1,42229-5,SPL UNCLASSIFIED SECTION,16.2 Storage,STORAGE,unclassified_with_title,03d3c6b8-8d0e-400f-89fb-c059a2e28c97,16 HOW SUPPLIED/STORAGE AND HANDLING > 16.2 Storage,176,0
lisinopril,f13ad52b-9a54-4a52-bfff-557256501ab8,1,42229-5,SPL UNCLASSIFIED SECTION,WARNING: FETAL TOXICITY,WARNING: FETAL TOXICITY,unclassified_with_title,828829dc-7b91-481f-aa3b-d17bbb590d79,BOXED WARNING SECTION > WARNING: FETAL TOXICITY,259,0
lisinopril,0be39cf3-9fdb-4ac6-9d5a-619657bcf2e6,1,,,1.1 Hypertension,HYPERTENSION,title_only_not_in_mapper,aa453e7f-c413-4da8-83cc-5bf2f224fa4b,1 INDICATIONS AND USAGE > 1.1 Hypertension,2604,0
lisinopril,5da3d4d5-e97b-4a14-a91a-d867c3a7ca07,1,,,1.2 Heart Failure,HEART FAILURE,title_only_not_in_mapper,aa453e7f-c413-4da8-83cc-5bf2f224fa4b,1 INDICATIONS AND USAGE > 1.2 Heart Failure,123,0
lisinopril,e8146428-26d1-4dcf-b383-99614a9a16f5,1,,,1.3 Reduction of Mortality in Acute Myocardial Infarction,REDUCTION OF MORTALITY IN ACUTE MYOCARDIAL INFARCTION,title_only_not_in_mapper,aa453e7f-c413-4da8-83cc-5bf2f224fa4b,1 INDICATIONS AND USAGE > 1.3 Reduction of Mortality in Acute Myocardial Infarction,320,0
lisinopril,b6582d5c-b485-4257-ad2f-c1d9744d70a2,1,,,2.1 Hypertension,HYPERTENSION,title_only_not_in_mapper,0e72997f-2f9f-41f1-ab85-395a9a0484c1,2 DOSAGE AND ADMINISTRATION > 2.1 Hypertension,1355,0
lisinopril,16a89152-3f4c-443a-a92d-bcd6efc250db,1,,,2.2 Heart Failure,HEART FAILURE,title_only_not_in_mapper,0e72997f-2f9f-41f1-ab85-395a9a0484c1,2 DOSAGE AND ADMINISTRATION > 2.2 Heart Failure,696,0
lisinopril,64555eda-ee2f-4cc2-bf84-0e3cd24a8811,1,,,2.3 Reduction of Mortality in Acute Myocardial Infarction,REDUCTION OF MORTALITY IN ACUTE MYOCARDIAL INFARCTION,title_only_not_in_mapper,0e72997f-2f9f-41f1-ab85-395a9a0484c1,2 DOSAGE AND ADMINISTRATION > 2.3 Reduction of Mortality in Acute Myocardial Infarction,737,0
lisinopril,a8dc091a-0c85-46a3-92c0-dfc9ab7f3e7a,1,,,2.4 Dose in Patients with Renal Impairment,DOSE IN PATIENTS WITH RENAL IMPAIRMENT,title_only_not_in_mapper,0e72997f-2f9f-41f1-ab85-395a9a0484c1,2 DOSAGE AND ADMINISTRATION > 2.4 Dose in Patients with Renal Impairment,565,0
lisinopril,f1e5aeb9-328e-435a-8ebb-158fae91556d,1,42229-5,SPL UNCLASSIFIED SECTION,,,unclassified_no_title,b43e6d14-2e3d-4389-bb07-fbce128b701b,3 DOSAGE FORMS AND STRENGTHS > SPL UNCLASSIFIED SECTION,751,0
lisinopril,151ceddf-d5d3-4e3e-ad3f-461513265c84,1,42229-5,SPL UNCLASSIFIED SECTION,,,unclassified_no_title,a809dc17-76dc-4ac8-b50f-51be00879fd9,4 CONTRAINDICATIONS > SPL UNCLASSIFIED SECTION,569,0
lisinopril,4ffa4615-36fc-4e48-9467-a520702980e4,1,,,5.1 Fetal Toxicity,FETAL TOXICITY,title_only_not_in_mapper,230c27ee-055d-4eba-8f46-092bccd981dd,5 WARNINGS AND PRECAUTIONS > 5.1 Fetal Toxicity,580,0
lisinopril,99d94934-5b83-4f59-bd9a-fb7b8e6c64f8,1,,,5.2 Angioedema and Anaphylactoid Reactions,ANGIOEDEMA AND ANAPHYLACTOID REACTIONS,title_only_not_in_mapper,230c27ee-055d-4eba-8f46-092bccd981dd,5 WARNINGS AND PRECAUTIONS > 5.2 Angioedema and Anaphylactoid Reactions,2482,0
lisinopril,9bac172d-8000-4dd6-bc6a-77f31e9e83fa,1,,,5.3 Impaired Renal Function,IMPAIRED RENAL FUNCTION,title_only_not_in_mapper,230c27ee-055d-4eba-8f46-092bccd981dd,5 WARNINGS AND PRECAUTIONS > 5.3 Impaired Renal Function,712,0
lisinopril,785c842e-8452-414f-9256-266a21895004,1,,,5.4 Hypotension,HYPOTENSION,title_only_not_in_mapper,230c27ee-055d-4eba-8f46-092bccd981dd,5 WARNINGS AND PRECAUTIONS > 5.4 Hypotension,1203,0
lisinopril,b7c5c8bf-6bc4-4f96-a6cf-e2be553f7f4f,1,,,5.5 Hyperkalemia,HYPERKALEMIA,title_only_not_in_mapper,230c27ee-055d-4eba-8f46-092bccd981dd,5 WARNINGS AND PRECAUTIONS > 5.5 Hyperkalemia,408,0
lisinopril,d10d3714-9e01-4e99-b0eb-334631c99943,1,,,5.6 Hepatic Failure,HEPATIC FAILURE,title_only_not_in_mapper,230c27ee-055d-4eba-8f46-092bccd981dd,5 WARNINGS AND PRECAUTIONS > 5.6 Hepatic Failure,393,0
lisinopril,e86210c6-2618-4b50-8ab1-5e19c064abb0,1,,,7.1 Diuretics,DIURETICS,title_only_not_in_mapper,a560fdb8-6a7f-4015-8b99-94715a241755,7 DRUG INTERACTIONS > 7.1 Diuretics,757,0
lisinopril,07f27d27-c077-4173-9b1b-044048f783ff,1,,,7.2 Antidiabetics,ANTIDIABETICS,title_only_not_in_mapper,a560fdb8-6a7f-4015-8b99-94715a241755,7 DRUG INTERACTIONS > 7.2 Antidiabetics,184,0
lisinopril,46a13ac4-ecbd-419e-ba2b-046bfb7eb123,1,,,7.3 Non-Steroidal Anti-Inflammatory Agents Including Selective Cyclooxygenase-2 Inhibitors (COX-2 Inhibitors),NON-STEROIDAL ANTI-INFLAMMATORY AGENTS INCLUDING SELECTIVE CYCLOOXYGENASE-2 INHIBITORS (COX-2 INHIBITORS),title_only_not_in_mapper,a560fdb8-6a7f-4015-8b99-94715a241755,7 DRUG INTERACTIONS > 7.3 Non-Steroidal Anti-Inflammatory Agents Including Selective Cyclooxygenase-2 Inhibitors (COX-2 Inhibitors),539,0
lisinopril,b6744ffa-f242-44d2-a504-04bbebd2bef4,1,,,7.4 Dual Blockade of the Renin-Angiotensin System (RAS),DUAL BLOCKADE OF THE RENIN-ANGIOTENSIN SYSTEM (RAS),title_only_not_in_mapper,a560fdb8-6a7f-4015-8b99-94715a241755,7 DRUG INTERACTIONS > 7.4 Dual Blockade of the Renin-Angiotensin System (RAS),1214,0
lisinopril,ece2c5d7-eddf-4bfd-a63e-76f6f33327bb,1,,,7.5 Lithium,LITHIUM,title_only_not_in_mapper,a560fdb8-6a7f-4015-8b99-94715a241755,7 DRUG INTERACTIONS > 7.5 Lithium,298,0
lisinopril,48c75bbd-70af-4186-aecd-b4c82ee39957,1,,,7.6 Gold,GOLD,title_only_not_in_mapper,a560fdb8-6a7f-4015-8b99-94715a241755,7 DRUG INTERACTIONS > 7.6 Gold,242,0
lisinopril,d1e4e85f-602c-4bd7-b885-7ff37e546032,1,,,7.7 mTOR Inhibitors,MTOR INHIBITORS,title_only_not_in_mapper,a560fdb8-6a7f-4015-8b99-94715a241755,7 DRUG INTERACTIONS > 7.7 mTOR Inhibitors,174,0
lisinopril,d1b4f7c7-7d46-4911-8e74-f93849878138,1,,,7.8 Neprilysin Inhibitor,NEPRILYSIN INHIBITOR,title_only_not_in_mapper,a560fdb8-6a7f-4015-8b99-94715a241755,7 DRUG INTERACTIONS > 7.8 Neprilysin Inhibitor,129,0
lisinopril,fad61083-a0ec-42f2-9c4a-e919e2200c7e,1,,,8.6 Race,RACE,title_only_not_in_mapper,ad563063-a3f0-426a-9636-97975cdc9ecb,8 USE IN SPECIFIC POPULATIONS > 8.6 Race,121,0
lisinopril,ea08ca66-1e93-4638-a87f-08568b1dd97b,1,,,14.1 Hypertension,HYPERTENSION,title_only_not_in_mapper,a286018a-b8ab-4c61-b80e-8df2e02e8166,14 CLINICAL STUDIES > 14.1 Hypertension,3302,0
lisinopril,8b4144f9-a60b-4f26-8e33-64dd92a9bb59,1,,,14.2 Heart Failure,HEART FAILURE,title_only_not_in_mapper,a286018a-b8ab-4c61-b80e-8df2e02e8166,14 CLINICAL STUDIES > 14.2 Heart Failure,1120,0
lisinopril,7ec15cc4-d134-4456-a080-110de01750c7,1,,,14.3 Acute Myocardial Infarction,ACUTE MYOCARDIAL INFARCTION,title_only_not_in_mapper,a286018a-b8ab-4c61-b80e-8df2e02e8166,14 CLINICAL STUDIES > 14.3 Acute Myocardial Infarction,2981,0
lisinopril,8e62cf96-e316-4ad7-908c-3a09e344efe3,1,42229-5,SPL UNCLASSIFIED SECTION,,,unclassified_no_title,c2f41a2e-5fdc-40d4-a3c1-3ea99345e737,17 PATIENT COUNSELING INFORMATION > SPL UNCLASSIFIED SECTION,193,0
atorvastatin,1a19f6eb-bb7f-492a-b236-f7b17010d661,1,42229-5,Spl Unclassified Section,2.1 Important Dosage Information,IMPORTANT DOSAGE INFORMATION,unclassified_with_title,4ee9f9ec-05d8-4831-bfdb-427fdd0a1c42,2 DOSAGE AND ADMINISTRATION > 2.1 Important Dosage Information,348,0
atorvastatin,83ddcd72-8c90-44d4-a998-cca05ffc8bfc,1,42229-5,Spl Unclassified Section,2.2 Recommended Dosage in Adult Patients,RECOMMENDED DOSAGE IN ADULT PATIENTS,unclassified_with_title,4ee9f9ec-05d8-4831-bfdb-427fdd0a1c42,2 DOSAGE AND ADMINISTRATION > 2.2 Recommended Dosage in Adult Patients,233,0
atorvastatin,7d6e0fae-ce12-466b-8bc2-9ad97fcb6fba,1,42229-5,Spl Unclassified Section,2.3 Recommended Dosage in Pediatric Patients 10 Years of Age and Older with HeFH,RECOMMENDED DOSAGE IN PEDIATRIC PATIENTS 10 YEARS OF AGE AND OLDER WITH HEFH,unclassified_with_title,4ee9f9ec-05d8-4831-bfdb-427fdd0a1c42,2 DOSAGE AND ADMINISTRATION > 2.3 Recommended Dosage in Pediatric Patients 10 Years of Age and Older with HeFH,131,0
atorvastatin,10a9b4d8-b7f8-45b8-8c5d-021d08a0390a,1,42229-5,Spl Unclassified Section,2.4 Recommended Dosage in Pediatric Patients 10 Years of Age and Older with HoFH,RECOMMENDED DOSAGE IN PEDIATRIC PATIENTS 10 YEARS OF AGE AND OLDER WITH HOFH,unclassified_with_title,4ee9f9ec-05d8-4831-bfdb-427fdd0a1c42,2 DOSAGE AND ADMINISTRATION > 2.4 Recommended Dosage in Pediatric Patients 10 Years of Age and Older with HoFH,141,0
atorvastatin,00d8d04e-fab4-4267-8908-067b67c134a6,1,42229-5,Spl Unclassified Section,2.5 Dosage Modifications Due to Drug Interactions,DOSAGE MODIFICATIONS DUE TO DRUG INTERACTIONS,unclassified_with_title,4ee9f9ec-05d8-4831-bfdb-427fdd0a1c42,2 DOSAGE AND ADMINISTRATION > 2.5 Dosage Modifications Due to Drug Interactions,896,0
atorvastatin,9d1e70e0-051d-4dc1-a3c3-296f6b5488f6,1,42229-5,Spl Unclassified Section,5.1 Myopathy and Rhabdomyolysis,MYOPATHY AND RHABDOMYOLYSIS,unclassified_with_title,79dd73e4-3521-44a6-bf87-346403d2ddfa,5 WARNINGS AND PRECAUTIONS > 5.1 Myopathy and Rhabdomyolysis,2732,0
atorvastatin,7f526f14-d2ba-4665-873c-0ab3d60f7aac,1,42229-5,Spl Unclassified Section,5.2 Immune-Mediated Necrotizing Myopathy,IMMUNE-MEDIATED NECROTIZING MYOPATHY,unclassified_with_title,79dd73e4-3521-44a6-bf87-346403d2ddfa,5 WARNINGS AND PRECAUTIONS > 5.2 Immune-Mediated Necrotizing Myopathy,668,0
atorvastatin,3d6e244e-6ae4-45dd-a445-b1b2772ef6c7,1,42229-5,Spl Unclassified Section,5.3 Hepatic Dysfunction,HEPATIC DYSFUNCTION,unclassified_with_title,79dd73e4-3521-44a6-bf87-346403d2ddfa,5 WARNINGS AND PRECAUTIONS > 5.3 Hepatic Dysfunction,1196,0
atorvastatin,f1811269-3770-4c98-a440-679f76787a36,1,42229-5,Spl Unclassified Section,5.4 Increases in HbA1c and Fasting Serum Glucose Levels,INCREASES IN HBA1C AND FASTING SERUM GLUCOSE LEVELS,unclassified_with_title,79dd73e4-3521-44a6-bf87-346403d2ddfa,5 WARNINGS AND PRECAUTIONS > 5.4 Increases in HbA1c and Fasting Serum Glucose Levels,241,0
atorvastatin,dc36f6a9-9442-4115-bcb7-25acc09d5c7c,1,42229-5,Spl Unclassified Section,5.5 Increased Risk of Hemorrhagic Stroke in Patients on Atorvastatin Calcium 80 mg with Recent Hemorrhagic Stroke,INCREASED RISK OF HEMORRHAGIC STROKE IN PATIENTS ON ATORVASTATIN CALCIUM 80 MG WITH RECENT HEMORRHAGIC STROKE,unclassified_with_title,79dd73e4-3521-44a6-bf87-346403d2ddfa,5 WARNINGS AND PRECAUTIONS > 5.5 Increased Risk of Hemorrhagic Stroke in Patients on Atorvastatin Calcium 80 mg with Recent Hemorrhagic Stroke,1083,0
atorvastatin,c7742aeb-f544-469b-a326-d54ee140aebb,1,42229-5,Spl Unclassified Section,7.1 Drug Interactions that may Increase the Risk of Myopathy and Rhabdomyolysis with Atorvastatin Calcium,DRUG INTERACTIONS THAT MAY INCREASE THE RISK OF MYOPATHY AND RHABDOMYOLYSIS WITH ATORVASTATIN CALCIUM,unclassified_with_title,99b9efbe-59a6-46d9-8770-39f5fcf141b0,7 DRUG INTERACTIONS > 7.1 Drug Interactions that may Increase the Risk of Myopathy and Rhabdomyolysis with Atorvastatin Calcium,5442,0
atorvastatin,91af3d2a-e452-4644-bb25-13965b91e153,1,42229-5,Spl Unclassified Section,7.2 Drug Interactions that may Decrease Exposure to Atorvastatin Calcium,DRUG INTERACTIONS THAT MAY DECREASE EXPOSURE TO ATORVASTATIN CALCIUM,unclassified_with_title,99b9efbe-59a6-46d9-8770-39f5fcf141b0,7 DRUG INTERACTIONS > 7.2 Drug Interactions that may Decrease Exposure to Atorvastatin Calcium,708,0
atorvastatin,47e77636-887b-4d78-a9a1-d966f5a519be,1,42229-5,Spl Unclassified Section,7.3 Atorvastatin Calcium Effects on Other Drugs,ATORVASTATIN CALCIUM EFFECTS ON OTHER DRUGS,unclassified_with_title,99b9efbe-59a6-46d9-8770-39f5fcf141b0,7 DRUG INTERACTIONS > 7.3 Atorvastatin Calcium Effects on Other Drugs,740,0
atorvastatin,e886ec24-67ac-49c8-bb74-c50696b860e4,1,42229-5,Spl Unclassified Section,,,unclassified_no_title,52ddb364-060a-4610-afe9-c59c5a8c3b7c,14 CLINICAL STUDIES > Spl Unclassified Section,9807,0
atorvastatin,e645be1d-feb3-41ce-8c2b-daa94a59754c,1,42229-5,Spl Unclassified Section,,,unclassified_no_title,52ddb364-060a-4610-afe9-c59c5a8c3b7c,14 CLINICAL STUDIES > Spl Unclassified Section,2566,0
atorvastatin,c78c50a4-98b4-420e-8896-9473cf6fa085,1,42229-5,Spl Unclassified Section,,,unclassified_no_title,52ddb364-060a-4610-afe9-c59c5a8c3b7c,14 CLINICAL STUDIES > Spl Unclassified Section,947,0
atorvastatin,bd171537-7a9e-4cd5-a1b3-6e60e9d424df,1,42229-5,Spl Unclassified Section,,,unclassified_no_title,52ddb364-060a-4610-afe9-c59c5a8c3b7c,14 CLINICAL STUDIES > Spl Unclassified Section,616,0
atorvastatin,6cf214c4-00ba-4147-9152-d2428b3edb6c,1,42229-5,Spl Unclassified Section,,,unclassified_no_title,52ddb364-060a-4610-afe9-c59c5a8c3b7c,14 CLINICAL STUDIES > Spl Unclassified Section,683,0
atorvastatin,317861d2-cb03-422d-9220-49876adebbed,1,42229-5,Spl Unclassified Section,,,unclassified_no_title,52ddb364-060a-4610-afe9-c59c5a8c3b7c,14 CLINICAL STUDIES > Spl Unclassified Section,2679,0
amoxicillin,abda1d17-ad4a-45e2-bc09-de8035651a48,1,42229-5,SPL UNCLASSIFIED SECTION,2.1 Important Administration Instructions,IMPORTANT ADMINISTRATION INSTRUCTIONS,unclassified_with_title,31a8c632-69a1-4b8a-bd47-201b8a5c82e0,2 DOSAGE AND ADMINISTRATION > 2.1 Important Administration Instructions,111,0
amoxicillin,ab447cfa-90ad-4557-af41-beb3558e6379,1,42229-5,SPL UNCLASSIFIED SECTION,2.2 Dosage for Adults and Pediatric Patients Aged 3 Months (12 weeks) and Older,DOSAGE FOR ADULTS AND PEDIATRIC PATIENTS AGED 3 MONTHS (12 WEEKS) AND OLDER,unclassified_with_title,31a8c632-69a1-4b8a-bd47-201b8a5c82e0,2 DOSAGE AND ADMINISTRATION > 2.2 Dosage for Adults and Pediatric Patients Aged 3 Months (12 weeks) and Older,1543,0
amoxicillin,2bf8fc68-c380-4e4e-b7e2-f7f447122d3b,1,42229-5,SPL UNCLASSIFIED SECTION,2.3 Dosage in Pediatric Patients Aged Less than 12 Weeks (3 months),DOSAGE IN PEDIATRIC PATIENTS AGED LESS THAN 12 WEEKS (3 MONTHS),unclassified_with_title,31a8c632-69a1-4b8a-bd47-201b8a5c82e0,2 DOSAGE AND ADMINISTRATION > 2.3 Dosage in Pediatric Patients Aged Less than 12 Weeks (3 months),617,0
amoxicillin,57a838b5-0ae8-4559-948f-2d1c3fc56561,1,42229-5,SPL UNCLASSIFIED SECTION,2.4 Dosage for H. pylori Infection in Adults,DOSAGE FOR H. PYLORI INFECTION IN ADULTS,unclassified_with_title,31a8c632-69a1-4b8a-bd47-201b8a5c82e0,2 DOSAGE AND ADMINISTRATION > 2.4 Dosage for H. pylori Infection in Adults,397,0
amoxicillin,9057ea98-82ea-4897-a87e-76a5bc5fdb15,1,42229-5,SPL UNCLASSIFIED SECTION,2.5 Dosage in Renal Impairment for Adults and Pediatric Patients Aged 3 Months and Older and Weight Greater than 40 kg,DOSAGE IN RENAL IMPAIRMENT FOR ADULTS AND PEDIATRIC PATIENTS AGED 3 MONTHS AND OLDER AND WEIGHT GREATER THAN 40 KG,unclassified_with_title,31a8c632-69a1-4b8a-bd47-201b8a5c82e0,2 DOSAGE AND ADMINISTRATION > 2.5 Dosage in Renal Impairment for Adults and Pediatric Patients Aged 3 Months and Older and Weight Greater than 40 kg,765,0
amoxicillin,31b86821-121c-49a2-9468-778bbc73667b,1,42229-5,SPL UNCLASSIFIED SECTION,5.1 Anaphylactic Reactions,ANAPHYLACTIC REACTIONS,unclassified_with_title,1def9da9-aece-4591-95fc-7663351d229a,5 WARNINGS AND PRECAUTIONS > 5.1 Anaphylactic Reactions,856,0
amoxicillin,12334e1d-e171-49f1-95a5-64243369aa45,1,42229-5,SPL UNCLASSIFIED SECTION,5.2 Severe Cutaneous Adverse Reactions,SEVERE CUTANEOUS ADVERSE REACTIONS,unclassified_with_title,1def9da9-aece-4591-95fc-7663351d229a,5 WARNINGS AND PRECAUTIONS > 5.2 Severe Cutaneous Adverse Reactions,370,0
amoxicillin,b71f51c6-8481-4fae-98e1-6360629b7cc2,1,42229-5,SPL UNCLASSIFIED SECTION,5.3 Drug-Induced Enterocolitis Syndrome (DIES),DRUG-INDUCED ENTEROCOLITIS SYNDROME (DIES),unclassified_with_title,1def9da9-aece-4591-95fc-7663351d229a,5 WARNINGS AND PRECAUTIONS > 5.3 Drug-Induced Enterocolitis Syndrome (DIES),603,0
amoxicillin,ed0e4d97-9621-4c0d-8e5d-b0435135b4fb,1,42229-5,SPL UNCLASSIFIED SECTION,5.4 Clostridioides difficile- Associated Diarrhea (CDAD),CLOSTRIDIOIDES DIFFICILE- ASSOCIATED DIARRHEA (CDAD),unclassified_with_title,1def9da9-aece-4591-95fc-7663351d229a,5 WARNINGS AND PRECAUTIONS > 5.4 Clostridioides difficile- Associated Diarrhea (CDAD),1109,0
amoxicillin,6233276d-a5ea-457a-90a0-b3d184b7bb72,1,42229-5,SPL UNCLASSIFIED SECTION,5.5 Development of Drug-Resistant Bacteria,DEVELOPMENT OF DRUG-RESISTANT BACTERIA,unclassified_with_title,1def9da9-aece-4591-95fc-7663351d229a,5 WARNINGS AND PRECAUTIONS > 5.5 Development of Drug-Resistant Bacteria,235,0
amoxicillin,23aee31a-87a2-4c1b-8530-d10686592e46,1,42229-5,SPL UNCLASSIFIED SECTION,5.6 Skin Rash in Patients with Mononucleosis,SKIN RASH IN PATIENTS WITH MONONUCLEOSIS,unclassified_with_title,1def9da9-aece-4591-95fc-7663351d229a,5 WARNINGS AND PRECAUTIONS > 5.6 Skin Rash in Patients with Mononucleosis,184,0
amoxicillin,f9591e99-88bc-4d24-8116-61fe30efc49d,1,42229-5,SPL UNCLASSIFIED SECTION,7.1 Probenecid,PROBENECID,unclassified_with_title,ef38e33f-a147-4105-808c-2d496117dabf,7 DRUG INTERACTIONS > 7.1 Probenecid,176,0
amoxicillin,b044d059-d369-4409-8227-608ce11d917f,1,42229-5,SPL UNCLASSIFIED SECTION,7.2 Oral Anticoagulants,ORAL ANTICOAGULANTS,unclassified_with_title,ef38e33f-a147-4105-808c-2d496117dabf,7 DRUG INTERACTIONS > 7.2 Oral Anticoagulants,374,0
amoxicillin,6407c839-1a8c-45d7-99db-89ff03ea7cbb,1,42229-5,SPL UNCLASSIFIED SECTION,7.3 Allopurinol,ALLOPURINOL,unclassified_with_title,ef38e33f-a147-4105-808c-2d496117dabf,7 DRUG INTERACTIONS > 7.3 Allopurinol,302,0
amoxicillin,c97eacf0-157d-40b3-a382-d6fa4339f66c,1,42229-5,SPL UNCLASSIFIED SECTION,7.4 Oral Contraceptives,ORAL CONTRACEPTIVES,unclassified_with_title,ef38e33f-a147-4105-808c-2d496117dabf,7 DRUG INTERACTIONS > 7.4 Oral Contraceptives,159,0
amoxicillin,6b15781c-d790-4bda-9240-44836adfea8e,1,42229-5,SPL UNCLASSIFIED SECTION,7.5 Other Antibacterials,OTHER ANTIBACTERIALS,unclassified_with_title,ef38e33f-a147-4105-808c-2d496117dabf,7 DRUG INTERACTIONS > 7.5 Other Antibacterials,236,0
amoxicillin,192d1350-6b43-4e59-bad7-dc0e621debcf,1,42229-5,SPL UNCLASSIFIED SECTION,7.6 Effects on Laboratory Tests,EFFECTS ON LABORATORY TESTS,unclassified_with_title,ef38e33f-a147-4105-808c-2d496117dabf,7 DRUG INTERACTIONS > 7.6 Effects on Laboratory Tests,575,0
amoxicillin,676cb0c5-8c38-4c04-87bf-7fd5d2cb621b,1,42229-5,SPL UNCLASSIFIED SECTION,8.6 Dosing in Renal Impairment,DOSING IN RENAL IMPAIRMENT,unclassified_with_title,a0b5e54c-3232-4197-9320-43e36d88e5ba,8 USE IN SPECIFIC POPULATIONS > 8.6 Dosing in Renal Impairment,262,0
amoxicillin,b2080c70-daff-4008-8382-a366c42c5686,1,42229-5,SPL UNCLASSIFIED SECTION,14.1 H. pylori Eradication to Reduce the Risk of Duodenal Ulcer Recurrence,H. PYLORI ERADICATION TO REDUCE THE RISK OF DUODENAL ULCER RECURRENCE,unclassified_with_title,b922cde5-b024-4a90-ab75-134f60a3e4ec,14 CLINICAL STUDIES > 14.1 H. pylori Eradication to Reduce the Risk of Duodenal Ulcer Recurrence,3418,0
sertraline,089eb4e4-7f62-e9ef-e063-6294a90a7ff0,1,42229-5,SPL UNCLASSIFIED SECTION,"2.1 Dosage in Patients with MDD, OCD, PD, PTSD, and SAD","DOSAGE IN PATIENTS WITH MDD, OCD, PD, PTSD, AND SAD",unclassified_with_title,264e7b3a-1b33-9a19-e063-6394a90a465e,"2 DOSAGE AND ADMINISTRATION > 2.1 Dosage in Patients with MDD, OCD, PD, PTSD, and SAD",900,0
sertraline,089ea91f-77ae-cc48-e063-6394a90aa00b,1,42229-5,SPL UNCLASSIFIED SECTION,2.2 Dosage in Patients with PMDD,DOSAGE IN PATIENTS WITH PMDD,unclassified_with_title,264e7b3a-1b33-9a19-e063-6394a90a465e,2 DOSAGE AND ADMINISTRATION > 2.2 Dosage in Patients with PMDD,985,0
sertraline,f920bc73-d3a8-de8c-e053-6394a90a993e,1,42229-5,SPL UNCLASSIFIED SECTION,2.3 Screen for Bipolar Disorder Prior to Starting Sertraline Hydrochloride Tablets,SCREEN FOR BIPOLAR DISORDER PRIOR TO STARTING SERTRALINE HYDROCHLORIDE TABLETS,unclassified_with_title,264e7b3a-1b33-9a19-e063-6394a90a465e,2 DOSAGE AND ADMINISTRATION > 2.3 Screen for Bipolar Disorder Prior to Starting Sertraline Hydrochloride Tablets,224,0
sertraline,264e822f-1392-c5f4-e063-6294a90a0cb1,1,42229-5,SPL UNCLASSIFIED SECTION,2.4 Dosage Modifications in Patients with Hepatic Impairment,DOSAGE MODIFICATIONS IN PATIENTS WITH HEPATIC IMPAIRMENT,unclassified_with_title,264e7b3a-1b33-9a19-e063-6394a90a465e,2 DOSAGE AND ADMINISTRATION > 2.4 Dosage Modifications in Patients with Hepatic Impairment,460,0
sertraline,f920d30c-9499-d40f-e053-6294a90a4de0,1,42229-5,SPL UNCLASSIFIED SECTION,2.5 Switching Patients to or from a Monoamine Oxidase Inhibitor Antidepressant,SWITCHING PATIENTS TO OR FROM A MONOAMINE OXIDASE INHIBITOR ANTIDEPRESSANT,unclassified_with_title,264e7b3a-1b33-9a19-e063-6394a90a465e,2 DOSAGE AND ADMINISTRATION > 2.5 Switching Patients to or from a Monoamine Oxidase Inhibitor Antidepressant,353,0
sertraline,f920d55b-9720-f914-e053-6394a90a0b2d,1,42229-5,SPL UNCLASSIFIED SECTION,2.6 Discontinuation of Treatment with Sertraline Hydrochloride Tablets,DISCONTINUATION OF TREATMENT WITH SERTRALINE HYDROCHLORIDE TABLETS,unclassified_with_title,264e7b3a-1b33-9a19-e063-6394a90a465e,2 DOSAGE AND ADMINISTRATION > 2.6 Discontinuation of Treatment with Sertraline Hydrochloride Tablets,234,0
sertraline,f920d55b-9722-f914-e053-6394a90a0b2d,1,42229-5,SPL UNCLASSIFIED SECTION,5.1 Suicidal Thoughts and Behaviors in Pediatric and Young Adult Patients,SUICIDAL THOUGHTS AND BEHAVIORS IN PEDIATRIC AND YOUNG ADULT PATIENTS,unclassified_with_title,4ec864ba-48e6-f0da-e063-6294a90ad838,5 WARNINGS AND PRECAUTIONS > 5.1 Suicidal Thoughts and Behaviors in Pediatric and Young Adult Patients,2029,0
sertraline,4ec839dc-9eaf-4f33-e063-6394a90aa0fd,1,42229-5,SPL UNCLASSIFIED SECTION,5.2 Serotonin Syndrome,SEROTONIN SYNDROME,unclassified_with_title,4ec864ba-48e6-f0da-e063-6294a90ad838,5 WARNINGS AND PRECAUTIONS > 5.2 Serotonin Syndrome,2151,0
sertraline,4ec84140-e062-5401-e063-6394a90a0c7a,1,42229-5,SPL UNCLASSIFIED SECTION,5.3 Increased Risk of Bleeding,INCREASED RISK OF BLEEDING,unclassified_with_title,4ec864ba-48e6-f0da-e063-6294a90ad838,5 WARNINGS AND PRECAUTIONS > 5.3 Increased Risk of Bleeding,1165,0
sertraline,f920f7bc-dc2a-2817-e053-6294a90ad0bf,1,42229-5,SPL UNCLASSIFIED SECTION,5.4 Activation of Mania or Hypomania,ACTIVATION OF MANIA OR HYPOMANIA,unclassified_with_title,4ec864ba-48e6-f0da-e063-6294a90ad838,5 WARNINGS AND PRECAUTIONS > 5.4 Activation of Mania or Hypomania,513,0
sertraline,f920f7bc-dc2b-2817-e053-6294a90ad0bf,1,42229-5,SPL UNCLASSIFIED SECTION,5.5 Discontinuation Syndrome,DISCONTINUATION SYNDROME,unclassified_with_title,4ec864ba-48e6-f0da-e063-6294a90ad838,5 WARNINGS AND PRECAUTIONS > 5.5 Discontinuation Syndrome,518,0
sertraline,f920f3b0-4ed5-2502-e053-6394a90ad36d,1,42229-5,SPL UNCLASSIFIED SECTION,5.6 Seizures,SEIZURES,unclassified_with_title,4ec864ba-48e6-f0da-e063-6294a90ad838,5 WARNINGS AND PRECAUTIONS > 5.6 Seizures,267,0
sertraline,f920f7bc-dc2c-2817-e053-6294a90ad0bf,1,42229-5,SPL UNCLASSIFIED SECTION,5.7 Angle-Closure Glaucoma,ANGLE-CLOSURE GLAUCOMA,unclassified_with_title,4ec864ba-48e6-f0da-e063-6294a90ad838,5 WARNINGS AND PRECAUTIONS > 5.7 Angle-Closure Glaucoma,353,0
sertraline,f920ff34-d9c3-3cf5-e053-6394a90a21ed,1,42229-5,SPL UNCLASSIFIED SECTION,5.8 Hyponatremia,HYPONATREMIA,unclassified_with_title,4ec864ba-48e6-f0da-e063-6294a90ad838,5 WARNINGS AND PRECAUTIONS > 5.8 Hyponatremia,932,0
sertraline,f920f7bc-dc2d-2817-e053-6294a90ad0bf,1,42229-5,SPL UNCLASSIFIED SECTION,5.9 False-Positive Effects on Screening Tests for Benzodiazepines,FALSE-POSITIVE EFFECTS ON SCREENING TESTS FOR BENZODIAZEPINES,unclassified_with_title,4ec864ba-48e6-f0da-e063-6294a90ad838,5 WARNINGS AND PRECAUTIONS > 5.9 False-Positive Effects on Screening Tests for Benzodiazepines,483,0
sertraline,f920f7bc-dc2e-2817-e053-6294a90ad0bf,1,42229-5,SPL UNCLASSIFIED SECTION,5.10 QTc Prolongation,QTC PROLONGATION,unclassified_with_title,4ec864ba-48e6-f0da-e063-6294a90ad838,5 WARNINGS AND PRECAUTIONS > 5.10 QTc Prolongation,606,0
sertraline,f920f7bc-dc3b-2817-e053-6294a90ad0bf,1,42229-5,SPL UNCLASSIFIED SECTION,5.11 Sexual Dysfunction,SEXUAL DYSFUNCTION,unclassified_with_title,4ec864ba-48e6-f0da-e063-6294a90ad838,5 WARNINGS AND PRECAUTIONS > 5.11 Sexual Dysfunction,902,0
sertraline,264e8f9d-23c1-a7d0-e063-6394a90a7b9d,1,42229-5,SPL UNCLASSIFIED SECTION,7.1 Clinically Significant Drug Interactions,CLINICALLY SIGNIFICANT DRUG INTERACTIONS,unclassified_with_title,08ad9cd0-9aa0-b88c-e063-6394a90a9395,7 DRUG INTERACTIONS > 7.1 Clinically Significant Drug Interactions,4499,0
sertraline,f92158d1-2ef0-c6e4-e053-6394a90a35e6,1,42229-5,SPL UNCLASSIFIED SECTION,7.2 Drugs Having No Clinically Important Interactions with Sertraline Hydrochloride,DRUGS HAVING NO CLINICALLY IMPORTANT INTERACTIONS WITH SERTRALINE HYDROCHLORIDE,unclassified_with_title,08ad9cd0-9aa0-b88c-e063-6394a90a9395,7 DRUG INTERACTIONS > 7.2 Drugs Having No Clinically Important Interactions with Sertraline Hydrochloride,371,0
sertraline,f920e6e2-1763-d132-e053-6294a90a9090,1,42229-5,SPL UNCLASSIFIED SECTION,7.3 False-Positive Screening Tests for Benzodiazepines,FALSE-POSITIVE SCREENING TESTS FOR BENZODIAZEPINES,unclassified_with_title,08ad9cd0-9aa0-b88c-e063-6394a90a9395,7 DRUG INTERACTIONS > 7.3 False-Positive Screening Tests for Benzodiazepines,431,0
sertraline,f92158d1-2ef6-c6e4-e053-6394a90a35e6,0,42227-9,DRUG ABUSE AND DEPENDENCE SECTION,9 DRUG ABUSE AND DEPENDENCE,DRUG ABUSE AND DEPENDENCE,coded_but_not_in_mapper,,9 DRUG ABUSE AND DEPENDENCE,0,2
sertraline,f92158d1-2ef7-c6e4-e053-6394a90a35e6,1,34085-1,CONTROLLED SUBSTANCE SECTION,9.1 Controlled Substance,CONTROLLED SUBSTANCE,coded_but_not_in_mapper,f92158d1-2ef6-c6e4-e053-6394a90a35e6,9 DRUG ABUSE AND DEPENDENCE > 9.1 Controlled Substance,82,0
sertraline,f9217d59-ff2a-0006-e053-6294a90a8349,1,34086-9,ABUSE SECTION,9.2 Abuse,ABUSE,coded_but_not_in_mapper,f92158d1-2ef6-c6e4-e053-6394a90a35e6,9 DRUG ABUSE AND DEPENDENCE > 9.2 Abuse,342,0
sertraline,f921aff2-9148-2545-e053-6394a90a2420,1,42229-5,SPL UNCLASSIFIED SECTION,14.1 Major Depressive Disorder,MAJOR DEPRESSIVE DISORDER,unclassified_with_title,26503942-49b1-ff86-e063-6394a90a10b2,14 CLINICAL STUDIES > 14.1 Major Depressive Disorder,2033,0
sertraline,264fb745-fd0a-ad98-e063-6294a90a9dd3,1,42229-5,SPL UNCLASSIFIED SECTION,14.2 Obsessive-Compulsive Disorder,OBSESSIVE-COMPULSIVE DISORDER,unclassified_with_title,26503942-49b1-ff86-e063-6394a90a10b2,14 CLINICAL STUDIES > 14.2 Obsessive-Compulsive Disorder,5524,0
sertraline,f921c3be-3679-020e-e053-6294a90ac7e5,1,42229-5,SPL UNCLASSIFIED SECTION,14.3 Panic Disorder,PANIC DISORDER,unclassified_with_title,26503942-49b1-ff86-e063-6394a90a10b2,14 CLINICAL STUDIES > 14.3 Panic Disorder,2994,0
sertraline,f921c8e8-b2ec-55d5-e053-6394a90a99c3,1,42229-5,SPL UNCLASSIFIED SECTION,14.4 Posttraumatic Stress Disorder,POSTTRAUMATIC STRESS DISORDER,unclassified_with_title,26503942-49b1-ff86-e063-6394a90a10b2,14 CLINICAL STUDIES > 14.4 Posttraumatic Stress Disorder,3514,0
sertraline,f921cfde-c137-6e0c-e053-6294a90aea6b,1,42229-5,SPL UNCLASSIFIED SECTION,14.5 Social Anxiety Disorder,SOCIAL ANXIETY DISORDER,unclassified_with_title,26503942-49b1-ff86-e063-6394a90a10b2,14 CLINICAL STUDIES > 14.5 Social Anxiety Disorder,2926,0
sertraline,264fbafc-2a8f-92c8-e063-6394a90aa2bc,1,42229-5,SPL UNCLASSIFIED SECTION,14.6 Premenstrual Dysphoric Disorder,PREMENSTRUAL DYSPHORIC DISORDER,unclassified_with_title,26503942-49b1-ff86-e063-6394a90a10b2,14 CLINICAL STUDIES > 14.6 Premenstrual Dysphoric Disorder,3314,0
albuterol,865d3cbf-a6bd-4202-ad6b-a7f1d21e8e4b,1,42229-5,SPL UNCLASSIFIED SECTION,1.1 Bronchospasm,BRONCHOSPASM,unclassified_with_title,2eda9323-0f8d-46cf-9479-e072e461d291,1 INDICATIONS AND USAGE > 1.1 Bronchospasm,196,0
albuterol,d4b2789e-1554-44bb-985e-e093f8730e21,1,42229-5,SPL UNCLASSIFIED SECTION,1.2 Exercise-Induced Bronchospasm,EXERCISE-INDUCED BRONCHOSPASM,unclassified_with_title,2eda9323-0f8d-46cf-9479-e072e461d291,1 INDICATIONS AND USAGE > 1.2 Exercise-Induced Bronchospasm,157,0
albuterol,225ef5e4-8c63-4271-87b1-74704ee42d1e,1,42229-5,SPL UNCLASSIFIED SECTION,2.1 Recommended Dosage for Bronchospasm (Acute Episodes or Symptoms Associated with Bronchospasm),RECOMMENDED DOSAGE FOR BRONCHOSPASM (ACUTE EPISODES OR SYMPTOMS ASSOCIATED WITH BRONCHOSPASM),unclassified_with_title,9e2be181-3ce3-4609-89b3-4b106ebfe647,2 DOSAGE AND ADMINISTRATION > 2.1 Recommended Dosage for Bronchospasm (Acute Episodes or Symptoms Associated with Bronchospasm),262,0
albuterol,aa425e51-0ca3-44cb-8a82-2962eaad5fd2,1,42229-5,SPL UNCLASSIFIED SECTION,2.2 Recommended Dosage for Prevention of Exercise-Induced Bronchospasm,RECOMMENDED DOSAGE FOR PREVENTION OF EXERCISE-INDUCED BRONCHOSPASM,unclassified_with_title,9e2be181-3ce3-4609-89b3-4b106ebfe647,2 DOSAGE AND ADMINISTRATION > 2.2 Recommended Dosage for Prevention of Exercise-Induced Bronchospasm,119,0
albuterol,2ad31700-bba1-4665-acfa-097475c1d34a,1,42229-5,SPL UNCLASSIFIED SECTION,2.3 Administration Information,ADMINISTRATION INFORMATION,unclassified_with_title,9e2be181-3ce3-4609-89b3-4b106ebfe647,2 DOSAGE AND ADMINISTRATION > 2.3 Administration Information,704,0
albuterol,5762cd7c-2a83-47d6-ae49-5c5eb8d3e438,1,42229-5,SPL UNCLASSIFIED SECTION,5.1 Paradoxical Bronchospasm,PARADOXICAL BRONCHOSPASM,unclassified_with_title,1acfb08b-5ff9-40af-8439-260870abca4e,5 WARNINGS AND PRECAUTIONS > 5.1 Paradoxical Bronchospasm,438,0
albuterol,b00da7c4-1939-4f87-99a4-594ebd7a4c88,1,42229-5,SPL UNCLASSIFIED SECTION,5.2 Deterioration of Asthma,DETERIORATION OF ASTHMA,unclassified_with_title,1acfb08b-5ff9-40af-8439-260870abca4e,5 WARNINGS AND PRECAUTIONS > 5.2 Deterioration of Asthma,401,0
albuterol,f6314401-addb-4864-aa8d-22629647f9f5,1,42229-5,SPL UNCLASSIFIED SECTION,5.3 Use of Anti-inflammatory Agents,USE OF ANTI-INFLAMMATORY AGENTS,unclassified_with_title,1acfb08b-5ff9-40af-8439-260870abca4e,5 WARNINGS AND PRECAUTIONS > 5.3 Use of Anti-inflammatory Agents,235,0
albuterol,e20ebabe-694a-4e00-9ede-f70a84c61c26,1,42229-5,SPL UNCLASSIFIED SECTION,5.4 Cardiovascular Effects,CARDIOVASCULAR EFFECTS,unclassified_with_title,1acfb08b-5ff9-40af-8439-260870abca4e,5 WARNINGS AND PRECAUTIONS > 5.4 Cardiovascular Effects,776,0
albuterol,8a7120c0-5d5f-4f43-baeb-3d25c2d7bc34,1,42229-5,SPL UNCLASSIFIED SECTION,5.5 Do Not Exceed Recommended Dose,DO NOT EXCEED RECOMMENDED DOSE,unclassified_with_title,1acfb08b-5ff9-40af-8439-260870abca4e,5 WARNINGS AND PRECAUTIONS > 5.5 Do Not Exceed Recommended Dose,285,0
albuterol,666b4072-2821-4377-856b-5858eb5a588f,1,42229-5,SPL UNCLASSIFIED SECTION,"5.6 Hypersensitivity Reactions, including Anaphylaxis","HYPERSENSITIVITY REACTIONS, INCLUDING ANAPHYLAXIS",unclassified_with_title,1acfb08b-5ff9-40af-8439-260870abca4e,"5 WARNINGS AND PRECAUTIONS > 5.6 Hypersensitivity Reactions, including Anaphylaxis",226,0
albuterol,4ec5340d-d2aa-4f8f-81e6-655df2b8bd6f,1,42229-5,SPL UNCLASSIFIED SECTION,5.7 Coexisting Conditions,COEXISTING CONDITIONS,unclassified_with_title,1acfb08b-5ff9-40af-8439-260870abca4e,5 WARNINGS AND PRECAUTIONS > 5.7 Coexisting Conditions,366,0
albuterol,518da850-780c-471c-a1cf-477871752ee4,1,42229-5,SPL UNCLASSIFIED SECTION,5.8 Hypokalemia,HYPOKALEMIA,unclassified_with_title,1acfb08b-5ff9-40af-8439-260870abca4e,5 WARNINGS AND PRECAUTIONS > 5.8 Hypokalemia,318,0
albuterol,e9fd55ac-8b34-47cf-b08c-87e62ae21166,1,42229-5,SPL UNCLASSIFIED SECTION,7.1 Beta-Adrenergic Receptor Blocking Agents,BETA-ADRENERGIC RECEPTOR BLOCKING AGENTS,unclassified_with_title,c4d1916e-00f6-4b21-a8aa-f04d00e9e5bb,7 DRUG INTERACTIONS > 7.1 Beta-Adrenergic Receptor Blocking Agents,508,0
albuterol,d96e7555-e9ca-4c53-9628-7e5900e8ba8c,1,42229-5,SPL UNCLASSIFIED SECTION,7.2 Non–Potassium-Sparing Diuretics,NON–POTASSIUM-SPARING DIURETICS,unclassified_with_title,c4d1916e-00f6-4b21-a8aa-f04d00e9e5bb,7 DRUG INTERACTIONS > 7.2 Non–Potassium-Sparing Diuretics,445,0
albuterol,5c9800c8-eced-4c64-a799-cc3e9af884f0,1,42229-5,SPL UNCLASSIFIED SECTION,7.3 Digoxin,DIGOXIN,unclassified_with_title,c4d1916e-00f6-4b21-a8aa-f04d00e9e5bb,7 DRUG INTERACTIONS > 7.3 Digoxin,520,0
albuterol,cfa2fa64-671d-40bf-a5df-585722d2f6e0,1,42229-5,SPL UNCLASSIFIED SECTION,7.4 Monoamine Oxidase Inhibitors and Tricyclic Antidepressants,MONOAMINE OXIDASE INHIBITORS AND TRICYCLIC ANTIDEPRESSANTS,unclassified_with_title,c4d1916e-00f6-4b21-a8aa-f04d00e9e5bb,7 DRUG INTERACTIONS > 7.4 Monoamine Oxidase Inhibitors and Tricyclic Antidepressants,298,0
albuterol,c87b95fd-d579-4ddf-9ec8-2e77664b476d,1,42229-5,SPL UNCLASSIFIED SECTION,13.2 Animal Toxicology and/or Pharmacology,ANIMAL TOXICOLOGY AND/OR PHARMACOLOGY,unclassified_with_title,92743f45-ebd6-480e-a7a2-797643fdab4a,13 NONCLINICAL TOXICOLOGY > 13.2 Animal Toxicology and/or Pharmacology,669,0
albuterol,2048bc65-c542-46f6-8e2b-55c2e25a3da4,1,42229-5,SPL UNCLASSIFIED SECTION,14.1 Bronchospasm Associated with Asthma,BRONCHOSPASM ASSOCIATED WITH ASTHMA,unclassified_with_title,5228095d-9278-4f07-872f-34742a1f935d,14 CLINICAL STUDIES > 14.1 Bronchospasm Associated with Asthma,4752,0
albuterol,e66de533-7a28-4645-b753-5fb290f38a1b,1,42229-5,SPL UNCLASSIFIED SECTION,14.2 Exercise-Induced Bronchospasm,EXERCISE-INDUCED BRONCHOSPASM,unclassified_with_title,5228095d-9278-4f07-872f-34742a1f935d,14 CLINICAL STUDIES > 14.2 Exercise-Induced Bronchospasm,507,0
omeprazole,346c9e1b-e78c-49e1-8350-f1aed8984f48,1,42229-5,SPL UNCLASSIFIED SECTION,1.1 Treatment of Active Duodenal Ulcer,TREATMENT OF ACTIVE DUODENAL ULCER,unclassified_with_title,ca59c6b4-8d6c-4903-8e22-e506942a4a9a,1 INDICATIONS AND USAGE > 1.1 Treatment of Active Duodenal Ulcer,211,0
omeprazole,4d442018-92f2-4018-9fe7-25b2d7891c94,1,42229-5,SPL UNCLASSIFIED SECTION,1.2 Helicobacter pylori Eradication to Reduce the Risk of Duodenal Ulcer Recurrence,HELICOBACTER PYLORI ERADICATION TO REDUCE THE RISK OF DUODENAL ULCER RECURRENCE,unclassified_with_title,ca59c6b4-8d6c-4903-8e22-e506942a4a9a,1 INDICATIONS AND USAGE > 1.2 Helicobacter pylori Eradication to Reduce the Risk of Duodenal Ulcer Recurrence,1088,0
omeprazole,8de61981-54fe-4eeb-b522-3ba267c36d01,1,42229-5,SPL UNCLASSIFIED SECTION,1.3 Treatment of Active Benign Gastric Ulcer,TREATMENT OF ACTIVE BENIGN GASTRIC ULCER,unclassified_with_title,ca59c6b4-8d6c-4903-8e22-e506942a4a9a,1 INDICATIONS AND USAGE > 1.3 Treatment of Active Benign Gastric Ulcer,131,0
omeprazole,a8e1340b-62e1-44b2-99c4-bfb74b97f5f9,1,42229-5,SPL UNCLASSIFIED SECTION,1.4 Treatment of Symptomatic Gastroesophageal Reflux Disease (GERD),TREATMENT OF SYMPTOMATIC GASTROESOPHAGEAL REFLUX DISEASE (GERD),unclassified_with_title,ca59c6b4-8d6c-4903-8e22-e506942a4a9a,1 INDICATIONS AND USAGE > 1.4 Treatment of Symptomatic Gastroesophageal Reflux Disease (GERD),176,0
omeprazole,5deb835b-f645-4cb6-8c7e-ca5a44585d57,1,42229-5,SPL UNCLASSIFIED SECTION,1.5 Treatment of Erosive Esophagitis (EE) Due to Acid-Mediated GERD,TREATMENT OF EROSIVE ESOPHAGITIS (EE) DUE TO ACID-MEDIATED GERD,unclassified_with_title,ca59c6b4-8d6c-4903-8e22-e506942a4a9a,1 INDICATIONS AND USAGE > 1.5 Treatment of Erosive Esophagitis (EE) Due to Acid-Mediated GERD,589,0
omeprazole,601833bb-0bf8-4a74-8864-4d76a3636c86,1,42229-5,SPL UNCLASSIFIED SECTION,1.6 Maintenance of Healing of EE Due to Acid-Mediated GERD,MAINTENANCE OF HEALING OF EE DUE TO ACID-MEDIATED GERD,unclassified_with_title,ca59c6b4-8d6c-4903-8e22-e506942a4a9a,1 INDICATIONS AND USAGE > 1.6 Maintenance of Healing of EE Due to Acid-Mediated GERD,198,0
omeprazole,ee3091ef-c1f5-4d6b-9146-f35ce7cbac88,1,42229-5,SPL UNCLASSIFIED SECTION,1.7 Pathological Hypersecretory Conditions,PATHOLOGICAL HYPERSECRETORY CONDITIONS,unclassified_with_title,ca59c6b4-8d6c-4903-8e22-e506942a4a9a,1 INDICATIONS AND USAGE > 1.7 Pathological Hypersecretory Conditions,220,0
omeprazole,0780fade-9fb7-4c7f-b988-5da0004139dc,1,42229-5,SPL UNCLASSIFIED SECTION,2.1 Recommended Adult Dosage Regimen by Indication,RECOMMENDED ADULT DOSAGE REGIMEN BY INDICATION,unclassified_with_title,0ae32e1c-17d8-44db-a418-488771f2b986,2 DOSAGE AND ADMINISTRATION > 2.1 Recommended Adult Dosage Regimen by Indication,2446,0
omeprazole,9b1becee-c351-4d8c-a18f-66b93ba8b8a3,1,42229-5,SPL UNCLASSIFIED SECTION,2.2 Recommended Pediatric Dosage Regimen by Indication,RECOMMENDED PEDIATRIC DOSAGE REGIMEN BY INDICATION,unclassified_with_title,0ae32e1c-17d8-44db-a418-488771f2b986,2 DOSAGE AND ADMINISTRATION > 2.2 Recommended Pediatric Dosage Regimen by Indication,1190,0
omeprazole,a737a03e-d33e-4032-8372-ea8a2942e7f6,1,42229-5,SPL UNCLASSIFIED SECTION,2.3 Administration Instructions,ADMINISTRATION INSTRUCTIONS,unclassified_with_title,0ae32e1c-17d8-44db-a418-488771f2b986,2 DOSAGE AND ADMINISTRATION > 2.3 Administration Instructions,1129,0
omeprazole,f0b47566-b18e-4201-9e80-cfc16e843144,1,42229-5,SPL UNCLASSIFIED SECTION,5.1 Presence of Gastric Malignancy,PRESENCE OF GASTRIC MALIGNANCY,unclassified_with_title,67b50456-f1ca-4fbc-9b93-2a7405d1d5af,5 WARNINGS AND PRECAUTIONS > 5.1 Presence of Gastric Malignancy,332,0
omeprazole,db7dc644-2859-43a3-87f4-b180d8458152,1,42229-5,SPL UNCLASSIFIED SECTION,5.2 Acute Tubulointerstitial Nephritis,ACUTE TUBULOINTERSTITIAL NEPHRITIS,unclassified_with_title,67b50456-f1ca-4fbc-9b93-2a7405d1d5af,5 WARNINGS AND PRECAUTIONS > 5.2 Acute Tubulointerstitial Nephritis,590,0
omeprazole,7272513a-c8e9-4f3a-b9bf-ffdc11996ab2,1,42229-5,SPL UNCLASSIFIED SECTION,5.3 Clostridium difficile- Associated Diarrhea,CLOSTRIDIUM DIFFICILE- ASSOCIATED DIARRHEA,unclassified_with_title,67b50456-f1ca-4fbc-9b93-2a7405d1d5af,5 WARNINGS AND PRECAUTIONS > 5.3 Clostridium difficile- Associated Diarrhea,756,0
omeprazole,9b42f8d2-6e27-4a56-8bd7-beac4e2ce419,1,42229-5,SPL UNCLASSIFIED SECTION,5.4 Bone Fracture,BONE FRACTURE,unclassified_with_title,67b50456-f1ca-4fbc-9b93-2a7405d1d5af,5 WARNINGS AND PRECAUTIONS > 5.4 Bone Fracture,644,0
omeprazole,212dee99-8df3-4da8-97e2-eaa39c6797dc,1,42229-5,SPL UNCLASSIFIED SECTION,5.5 Severe Cutaneous Adverse Reactions,SEVERE CUTANEOUS ADVERSE REACTIONS,unclassified_with_title,67b50456-f1ca-4fbc-9b93-2a7405d1d5af,5 WARNINGS AND PRECAUTIONS > 5.5 Severe Cutaneous Adverse Reactions,480,0
omeprazole,8117e12d-3b52-4f01-83a3-16a0d9abd35a,1,42229-5,SPL UNCLASSIFIED SECTION,5.6 Cutaneous and Systemic Lupus Erythematosus,CUTANEOUS AND SYSTEMIC LUPUS ERYTHEMATOSUS,unclassified_with_title,67b50456-f1ca-4fbc-9b93-2a7405d1d5af,5 WARNINGS AND PRECAUTIONS > 5.6 Cutaneous and Systemic Lupus Erythematosus,1453,0
omeprazole,1ddfb3fb-a917-4ff3-8010-69ccf4bd1c98,1,42229-5,SPL UNCLASSIFIED SECTION,5.7 Interaction with Clopidogrel,INTERACTION WITH CLOPIDOGREL,unclassified_with_title,67b50456-f1ca-4fbc-9b93-2a7405d1d5af,5 WARNINGS AND PRECAUTIONS > 5.7 Interaction with Clopidogrel,607,0
omeprazole,1dd9a349-2d7d-4a5f-8a82-0b6e641b3674,1,42229-5,SPL UNCLASSIFIED SECTION,5.8 Cyanocobalamin (Vitamin B-12) Deficiency,CYANOCOBALAMIN (VITAMIN B-12) DEFICIENCY,unclassified_with_title,67b50456-f1ca-4fbc-9b93-2a7405d1d5af,5 WARNINGS AND PRECAUTIONS > 5.8 Cyanocobalamin (Vitamin B-12) Deficiency,469,0
omeprazole,268521ca-01cb-4b06-a251-d22e3d1c7430,1,42229-5,SPL UNCLASSIFIED SECTION,5.9 Hypomagnesemia and Mineral Metabolism,HYPOMAGNESEMIA AND MINERAL METABOLISM,unclassified_with_title,67b50456-f1ca-4fbc-9b93-2a7405d1d5af,5 WARNINGS AND PRECAUTIONS > 5.9 Hypomagnesemia and Mineral Metabolism,1110,0
omeprazole,ef576883-6a45-4e2e-8105-2e0626e16b7f,1,42229-5,SPL UNCLASSIFIED SECTION,5.10 Interaction with St.John’s Wort or Rifampin,INTERACTION WITH ST.JOHN’S WORT OR RIFAMPIN,unclassified_with_title,67b50456-f1ca-4fbc-9b93-2a7405d1d5af,5 WARNINGS AND PRECAUTIONS > 5.10 Interaction with St.John’s Wort or Rifampin,229,0
omeprazole,1467b10d-c713-4a92-a1c0-5ed055ec887a,1,42229-5,SPL UNCLASSIFIED SECTION,5.11 Interactions with Diagnostic Investigations for Neuroendocrine Tumors,INTERACTIONS WITH DIAGNOSTIC INVESTIGATIONS FOR NEUROENDOCRINE TUMORS,unclassified_with_title,67b50456-f1ca-4fbc-9b93-2a7405d1d5af,5 WARNINGS AND PRECAUTIONS > 5.11 Interactions with Diagnostic Investigations for Neuroendocrine Tumors,573,0
omeprazole,dda3193d-6927-4a69-813f-cc280ae9c9f1,1,42229-5,SPL UNCLASSIFIED SECTION,5.12 Interaction with Methotrexate,INTERACTION WITH METHOTREXATE,unclassified_with_title,67b50456-f1ca-4fbc-9b93-2a7405d1d5af,5 WARNINGS AND PRECAUTIONS > 5.12 Interaction with Methotrexate,353,0
omeprazole,e92ad4b7-6df8-4174-8773-9a3d724cabd3,1,42229-5,SPL UNCLASSIFIED SECTION,5.13 Fundic Gland Polyps,FUNDIC GLAND POLYPS,unclassified_with_title,67b50456-f1ca-4fbc-9b93-2a7405d1d5af,5 WARNINGS AND PRECAUTIONS > 5.13 Fundic Gland Polyps,349,0
omeprazole,d515f400-e160-429e-933c-3ce5377e30f3,1,42229-5,SPL UNCLASSIFIED SECTION,6.1 Clinical Trials Experience with Omeprazole,CLINICAL TRIALS EXPERIENCE WITH OMEPRAZOLE,unclassified_with_title,83940ce5-2461-44b2-8fc4-f18d92326b12,6 ADVERSE REACTIONS > 6.1 Clinical Trials Experience with Omeprazole,1715,0
omeprazole,77c39b1b-536f-4bb6-84a0-8599d3c9f0c5,1,42229-5,SPL UNCLASSIFIED SECTION,6.2 Clinical Trials Experience with Omeprazole in Combination Therapy for H. pylori Eradication,CLINICAL TRIALS EXPERIENCE WITH OMEPRAZOLE IN COMBINATION THERAPY FOR H. PYLORI ERADICATION,unclassified_with_title,83940ce5-2461-44b2-8fc4-f18d92326b12,6 ADVERSE REACTIONS > 6.2 Clinical Trials Experience with Omeprazole in Combination Therapy for H. pylori Eradication,1320,0
omeprazole,3231447e-fd57-4a12-9eac-f9d985d4e30e,1,42229-5,SPL UNCLASSIFIED SECTION,8.7 Asian Population,ASIAN POPULATION,unclassified_with_title,32ffea9d-b495-4b68-b5b5-d62e422d5d0c,8 USE IN SPECIFIC POPULATIONS > 8.7 Asian Population,292,0
omeprazole,c11979f8-2e50-4503-98d9-0c509b98307f,1,42229-5,SPL UNCLASSIFIED SECTION,12.5 Pharmacogenomics,PHARMACOGENOMICS,unclassified_with_title,b08bb62e-125f-45f9-a4cb-f7c1961f435b,12 CLINICAL PHARMACOLOGY > 12.5 Pharmacogenomics,929,0
omeprazole,9efd5886-d2e9-4c1d-b504-c59c35626a79,1,42229-5,SPL UNCLASSIFIED SECTION,14.1 Active Duodenal Ulcer,ACTIVE DUODENAL ULCER,unclassified_with_title,6762af27-8b14-4a5c-a3e6-1972b27a5ebb,14 CLINICAL STUDIES > 14.1 Active Duodenal Ulcer,1952,0
omeprazole,4a43101f-90d0-4c9b-8393-e32b27488b79,1,42229-5,SPL UNCLASSIFIED SECTION,14.2 H.pylori Eradication in Patients with Duodenal Ulcer Disease,H.PYLORI ERADICATION IN PATIENTS WITH DUODENAL ULCER DISEASE,unclassified_with_title,6762af27-8b14-4a5c-a3e6-1972b27a5ebb,14 CLINICAL STUDIES > 14.2 H.pylori Eradication in Patients with Duodenal Ulcer Disease,5936,0
omeprazole,3cca9556-2694-4c3c-801b-643d710e8ff0,1,42229-5,SPL UNCLASSIFIED SECTION,14.3 Active Benign Gastric Ulcer,ACTIVE BENIGN GASTRIC ULCER,unclassified_with_title,6762af27-8b14-4a5c-a3e6-1972b27a5ebb,14 CLINICAL STUDIES > 14.3 Active Benign Gastric Ulcer,1316,0
omeprazole,d9fd249f-4764-4292-9af1-b4d578e63315,1,42229-5,SPL UNCLASSIFIED SECTION,14.4 Symptomatic GERD,SYMPTOMATIC GERD,unclassified_with_title,6762af27-8b14-4a5c-a3e6-1972b27a5ebb,14 CLINICAL STUDIES > 14.4 Symptomatic GERD,546,0
omeprazole,069739ff-6ab4-491d-8827-be954f27791a,1,42229-5,SPL UNCLASSIFIED SECTION,14.5 EE due to Acid-Mediated GERD,EE DUE TO ACID-MEDIATED GERD,unclassified_with_title,6762af27-8b14-4a5c-a3e6-1972b27a5ebb,14 CLINICAL STUDIES > 14.5 EE due to Acid-Mediated GERD,1165,0
omeprazole,af23668d-9d88-4939-ba8d-949b06ef4fa6,1,42229-5,SPL UNCLASSIFIED SECTION,14.6 Maintenance of Healing of EE due to Acid-Mediated GERD,MAINTENANCE OF HEALING OF EE DUE TO ACID-MEDIATED GERD,unclassified_with_title,6762af27-8b14-4a5c-a3e6-1972b27a5ebb,14 CLINICAL STUDIES > 14.6 Maintenance of Healing of EE due to Acid-Mediated GERD,1322,0
omeprazole,4183f9e3-23ec-4ba2-8377-d07e25668aa6,1,42229-5,SPL UNCLASSIFIED SECTION,14.7 Pathological Hypersecretory Conditions,PATHOLOGICAL HYPERSECRETORY CONDITIONS,unclassified_with_title,6762af27-8b14-4a5c-a3e6-1972b27a5ebb,14 CLINICAL STUDIES > 14.7 Pathological Hypersecretory Conditions,1316,0
omeprazole,b965e26d-7d43-43bd-8203-fcacf1db9231,1,42229-5,SPL UNCLASSIFIED SECTION,"14.8 Pediatric Studies for the Treatment of Symptomatic GERD, Treatment of EE due to Acid-Mediated GERD, and Maintenance of Healing of EE due to Acid-Mediated GERD","PEDIATRIC STUDIES FOR THE TREATMENT OF SYMPTOMATIC GERD, TREATMENT OF EE DUE TO ACID-MEDIATED GERD, AND MAINTENANCE OF HEALING OF EE DUE TO ACID-MEDIATED GERD",unclassified_with_title,6762af27-8b14-4a5c-a3e6-1972b27a5ebb,"14 CLINICAL STUDIES > 14.8 Pediatric Studies for the Treatment of Symptomatic GERD, Treatment of EE due to Acid-Mediated GERD, and Maintenance of Healing of EE due to Acid-Mediated GERD",2346,0
apixaban,c924d198-bc0c-4ae1-8d3e-32d8f562139e,1,42229-5,SPL UNCLASSIFIED SECTION,1.1 Reduction of Risk of Stroke and Systemic Embolism in Nonvalvular Atrial Fibrillation,REDUCTION OF RISK OF STROKE AND SYSTEMIC EMBOLISM IN NONVALVULAR ATRIAL FIBRILLATION,unclassified_with_title,3f4f9690-7ad5-4858-bb7e-a497535bc8ff,1 INDICATIONS AND USAGE > 1.1 Reduction of Risk of Stroke and Systemic Embolism in Nonvalvular Atrial Fibrillation,131,0
apixaban,8251aae2-7367-4132-87b2-9f557e379553,1,42229-5,SPL UNCLASSIFIED SECTION,1.2 Prophylaxis of Deep Vein Thrombosis Following Hip or Knee Replacement Surgery,PROPHYLAXIS OF DEEP VEIN THROMBOSIS FOLLOWING HIP OR KNEE REPLACEMENT SURGERY,unclassified_with_title,3f4f9690-7ad5-4858-bb7e-a497535bc8ff,1 INDICATIONS AND USAGE > 1.2 Prophylaxis of Deep Vein Thrombosis Following Hip or Knee Replacement Surgery,188,0
apixaban,2bcb5c47-0efc-43aa-bde4-3a0a4ff4f023,1,42229-5,SPL UNCLASSIFIED SECTION,1.3 Treatment of Deep Vein Thrombosis,TREATMENT OF DEEP VEIN THROMBOSIS,unclassified_with_title,3f4f9690-7ad5-4858-bb7e-a497535bc8ff,1 INDICATIONS AND USAGE > 1.3 Treatment of Deep Vein Thrombosis,56,0
apixaban,08206b98-c09d-477b-b63b-2d2d333bd6a3,1,42229-5,SPL UNCLASSIFIED SECTION,1.4 Treatment of Pulmonary Embolism,TREATMENT OF PULMONARY EMBOLISM,unclassified_with_title,3f4f9690-7ad5-4858-bb7e-a497535bc8ff,1 INDICATIONS AND USAGE > 1.4 Treatment of Pulmonary Embolism,55,0
apixaban,05e6723f-212f-459f-942e-fe0f63482ce4,1,42229-5,SPL UNCLASSIFIED SECTION,1.5 Reduction in the Risk of Recurrence of DVT and PE,REDUCTION IN THE RISK OF RECURRENCE OF DVT AND PE,unclassified_with_title,3f4f9690-7ad5-4858-bb7e-a497535bc8ff,1 INDICATIONS AND USAGE > 1.5 Reduction in the Risk of Recurrence of DVT and PE,100,0
apixaban,804faea7-07df-43f6-a621-33dc4f85d5d6,2,42229-5,SPL UNCLASSIFIED SECTION,,,unclassified_no_title,8580cf6f-fabb-494d-b7fd-b7754adf6df6,2 DOSAGE AND ADMINISTRATION > 2.1 Recommended Dose > SPL UNCLASSIFIED SECTION,448,0
apixaban,e6c29c01-14a2-433e-b54c-30bdd3dc4d3c,2,42229-5,SPL UNCLASSIFIED SECTION,,,unclassified_no_title,8580cf6f-fabb-494d-b7fd-b7754adf6df6,2 DOSAGE AND ADMINISTRATION > 2.1 Recommended Dose > SPL UNCLASSIFIED SECTION,414,0
apixaban,a4ef046e-1f00-4904-8c55-ea7642a3f366,2,42229-5,SPL UNCLASSIFIED SECTION,,,unclassified_no_title,8580cf6f-fabb-494d-b7fd-b7754adf6df6,2 DOSAGE AND ADMINISTRATION > 2.1 Recommended Dose > SPL UNCLASSIFIED SECTION,200,0
apixaban,3dc61325-5d00-46da-bb6a-4abcadb464f6,2,42229-5,SPL UNCLASSIFIED SECTION,,,unclassified_no_title,8580cf6f-fabb-494d-b7fd-b7754adf6df6,2 DOSAGE AND ADMINISTRATION > 2.1 Recommended Dose > SPL UNCLASSIFIED SECTION,209,0
apixaban,37cd48f0-0c61-41f5-a178-cbd2ef3f4c7a,1,42229-5,SPL UNCLASSIFIED SECTION,2.6 Administration Options,ADMINISTRATION OPTIONS,unclassified_with_title,ac3c0fae-ddb9-401a-b22f-da7ee3889e40,2 DOSAGE AND ADMINISTRATION > 2.6 Administration Options,537,0
apixaban,c559fb88-c204-44b8-a4e3-52ad2dfa6b62,2,42229-5,SPL UNCLASSIFIED SECTION,,,unclassified_no_title,001792a9-7c46-4661-8e48-7899e049cb09,5 WARNINGS AND PRECAUTIONS > 5.2 Bleeding > SPL UNCLASSIFIED SECTION,1281,0
apixaban,64a1b806-f641-404c-8465-b897dbe30e4a,1,42229-5,SPL UNCLASSIFIED SECTION,5.3 Spinal/Epidural Anesthesia or Puncture,SPINAL/EPIDURAL ANESTHESIA OR PUNCTURE,unclassified_with_title,434c6e50-dfaf-416e-9c21-6b33e24972f1,5 WARNINGS AND PRECAUTIONS > 5.3 Spinal/Epidural Anesthesia or Puncture,1293,0
apixaban,1b9a0492-c55a-4017-8e4e-3ec62fda0c5d,1,42229-5,SPL UNCLASSIFIED SECTION,5.5 Acute PE in Hemodynamically Unstable Patients or Patients who Require Thrombolysis or Pulmonary Embolectomy,ACUTE PE IN HEMODYNAMICALLY UNSTABLE PATIENTS OR PATIENTS WHO REQUIRE THROMBOLYSIS OR PULMONARY EMBOLECTOMY,unclassified_with_title,434c6e50-dfaf-416e-9c21-6b33e24972f1,5 WARNINGS AND PRECAUTIONS > 5.5 Acute PE in Hemodynamically Unstable Patients or Patients who Require Thrombolysis or Pulmonary Embolectomy,230,0
apixaban,41b7bcb8-b611-4a19-a635-c6ac4c18db26,1,42229-5,SPL UNCLASSIFIED SECTION,5.6 Increased Risk of Thrombosis in Patients with Triple Positive Antiphospholipid Syndrome,INCREASED RISK OF THROMBOSIS IN PATIENTS WITH TRIPLE POSITIVE ANTIPHOSPHOLIPID SYNDROME,unclassified_with_title,434c6e50-dfaf-416e-9c21-6b33e24972f1,5 WARNINGS AND PRECAUTIONS > 5.6 Increased Risk of Thrombosis in Patients with Triple Positive Antiphospholipid Syndrome,454,0
apixaban,0f3f628c-0403-4dbd-a70d-f7b5466f134f,2,42229-5,SPL UNCLASSIFIED SECTION,,,unclassified_no_title,6dedfaf5-8c22-472d-bac8-25964e3c3085,6 ADVERSE REACTIONS > 6.1 Clinical Trials Experience > SPL UNCLASSIFIED SECTION,911,2
apixaban,2f726ecc-17ea-4d3d-a436-5bb2bdda6d79,2,42229-5,SPL UNCLASSIFIED SECTION,,,unclassified_no_title,6dedfaf5-8c22-472d-bac8-25964e3c3085,6 ADVERSE REACTIONS > 6.1 Clinical Trials Experience > SPL UNCLASSIFIED SECTION,4839,0
apixaban,4315a668-4d7b-4cfe-b9c9-fc087f5d116e,2,42229-5,SPL UNCLASSIFIED SECTION,,,unclassified_no_title,6dedfaf5-8c22-472d-bac8-25964e3c3085,6 ADVERSE REACTIONS > 6.1 Clinical Trials Experience > SPL UNCLASSIFIED SECTION,476,3
apixaban,d6bbb223-fdb0-4d7a-86e2-9155c455099c,3,42229-5,SPL UNCLASSIFIED SECTION,,,unclassified_no_title,4315a668-4d7b-4cfe-b9c9-fc087f5d116e,6 ADVERSE REACTIONS > 6.1 Clinical Trials Experience > SPL UNCLASSIFIED SECTION > SPL UNCLASSIFIED SECTION,1666,0
apixaban,d6f8b835-0de3-4bdb-9258-f4c80ee6a7db,3,42229-5,SPL UNCLASSIFIED SECTION,,,unclassified_no_title,4315a668-4d7b-4cfe-b9c9-fc087f5d116e,6 ADVERSE REACTIONS > 6.1 Clinical Trials Experience > SPL UNCLASSIFIED SECTION > SPL UNCLASSIFIED SECTION,1507,0
apixaban,82261903-1d49-498d-99e0-178292af977c,3,42229-5,SPL UNCLASSIFIED SECTION,,,unclassified_no_title,4315a668-4d7b-4cfe-b9c9-fc087f5d116e,6 ADVERSE REACTIONS > 6.1 Clinical Trials Experience > SPL UNCLASSIFIED SECTION > SPL UNCLASSIFIED SECTION,1067,0
apixaban,edf083d4-8ac8-4f43-aefa-f506c5e7fb90,2,42229-5,SPL UNCLASSIFIED SECTION,,,unclassified_no_title,758775f0-b889-48d7-a6eb-c941351c355b,8 USE IN SPECIFIC POPULATIONS > 8.6 Renal Impairment > SPL UNCLASSIFIED SECTION,375,1
apixaban,cb7bf71c-a550-49c7-b4ae-b7afba532005,3,42229-5,SPL UNCLASSIFIED SECTION,,,unclassified_no_title,edf083d4-8ac8-4f43-aefa-f506c5e7fb90,8 USE IN SPECIFIC POPULATIONS > 8.6 Renal Impairment > SPL UNCLASSIFIED SECTION > SPL UNCLASSIFIED SECTION,653,0
apixaban,4748c851-211c-4013-99ad-caa282a2fcc6,2,42229-5,SPL UNCLASSIFIED SECTION,,,unclassified_no_title,758775f0-b889-48d7-a6eb-c941351c355b,8 USE IN SPECIFIC POPULATIONS > 8.6 Renal Impairment > SPL UNCLASSIFIED SECTION,633,0
apixaban,5d7f0451-b7b0-4a41-b77e-cd4709911caa,2,42229-5,SPL UNCLASSIFIED SECTION,ARISTOTLE,ARISTOTLE,unclassified_with_title,3082a6c0-7bb8-4d6d-b0d2-7b7bd349430b,14 CLINICAL STUDIES > 14.1 Reduction of Risk of Stroke and Systemic Embolism in Nonvalvular Atrial Fibrillation > ARISTOTLE,5700,0
apixaban,d8229563-6645-4275-8c73-63677225b95c,2,42229-5,SPL UNCLASSIFIED SECTION,AVERROES,AVERROES,unclassified_with_title,3082a6c0-7bb8-4d6d-b0d2-7b7bd349430b,14 CLINICAL STUDIES > 14.1 Reduction of Risk of Stroke and Systemic Embolism in Nonvalvular Atrial Fibrillation > AVERROES,1280,0
apixaban,ba6f48be-a1d7-4ff6-bd01-afa945036f70,1,42229-5,SPL UNCLASSIFIED SECTION,14.3 Treatment of DVT and PE and Reduction in the Risk of Recurrence of DVT and PE,TREATMENT OF DVT AND PE AND REDUCTION IN THE RISK OF RECURRENCE OF DVT AND PE,unclassified_with_title,80b82abd-0858-4cf1-bb4f-95c8a795d12b,14 CLINICAL STUDIES > 14.3 Treatment of DVT and PE and Reduction in the Risk of Recurrence of DVT and PE,463,2
apixaban,faec6cef-d4cc-4584-b262-805a736d597d,2,42229-5,SPL UNCLASSIFIED SECTION,AMPLIFY,AMPLIFY,unclassified_with_title,ba6f48be-a1d7-4ff6-bd01-afa945036f70,14 CLINICAL STUDIES > 14.3 Treatment of DVT and PE and Reduction in the Risk of Recurrence of DVT and PE > AMPLIFY,2710,0
apixaban,e73593d4-24c1-4e2c-a0a7-833d4a913ed0,2,42229-5,SPL UNCLASSIFIED SECTION,AMPLIFY-EXT,AMPLIFY-EXT,unclassified_with_title,ba6f48be-a1d7-4ff6-bd01-afa945036f70,14 CLINICAL STUDIES > 14.3 Treatment of DVT and PE and Reduction in the Risk of Recurrence of DVT and PE > AMPLIFY-EXT,1693,0
apixaban,d5a20043-0fc9-4f27-b18c-4ddb26bc9642,0,42229-5,SPL UNCLASSIFIED SECTION,,,unclassified_no_title,,SPL UNCLASSIFIED SECTION,211,0
isotretinoin,6b0fe588-baea-450d-90e7-e001cb8aa1e1,1,42229-5,SPL UNCLASSIFIED SECTION,2.1 Recommended Dosage,RECOMMENDED DOSAGE,unclassified_with_title,9da50208-68a6-467d-a157-66b3fa81a805,2 DOSAGE AND ADMINISTRATION > 2.1 Recommended Dosage,1274,0
isotretinoin,7185358f-845f-462f-bf28-8496dedf8e4e,1,42229-5,SPL UNCLASSIFIED SECTION,2.2 Duration of Use,DURATION OF USE,unclassified_with_title,9da50208-68a6-467d-a157-66b3fa81a805,2 DOSAGE AND ADMINISTRATION > 2.2 Duration of Use,953,0
isotretinoin,00da5019-2238-497f-857c-a3596fe0594c,1,42229-5,SPL UNCLASSIFIED SECTION,2.3 Laboratory Testing Prior to Administration,LABORATORY TESTING PRIOR TO ADMINISTRATION,unclassified_with_title,9da50208-68a6-467d-a157-66b3fa81a805,2 DOSAGE AND ADMINISTRATION > 2.3 Laboratory Testing Prior to Administration,418,0
isotretinoin,12dc2521-1f8b-42ae-8f89-b017faebb094,1,42229-5,SPL UNCLASSIFIED SECTION,4.2 Hypersensitivity,HYPERSENSITIVITY,unclassified_with_title,aad64e1b-a59e-4d88-9466-e57c40f872a7,4 CONTRAINDICATIONS > 4.2 Hypersensitivity,279,0
isotretinoin,ad97c7d7-e8e5-44a4-b3b9-cd49b5d1be56,1,42229-5,SPL UNCLASSIFIED SECTION,5.1 Embryo-Fetal Toxicity,EMBRYO-FETAL TOXICITY,unclassified_with_title,c5b9556d-16ad-4ce3-81fe-317e0999244c,5 WARNINGS AND PRECAUTIONS > 5.1 Embryo-Fetal Toxicity,1525,0
isotretinoin,9624bd3a-0a2e-4933-9222-cbf88b07ab86,1,42229-5,SPL UNCLASSIFIED SECTION,5.2 iPLEDGE Program,IPLEDGE PROGRAM,unclassified_with_title,c5b9556d-16ad-4ce3-81fe-317e0999244c,5 WARNINGS AND PRECAUTIONS > 5.2 iPLEDGE Program,2061,0
isotretinoin,da98b591-7479-4cec-af68-96af5a91e799,1,42229-5,SPL UNCLASSIFIED SECTION,5.3 Isotretinoin and ABSORICA LD are Not Substitutable,ISOTRETINOIN AND ABSORICA LD ARE NOT SUBSTITUTABLE,unclassified_with_title,c5b9556d-16ad-4ce3-81fe-317e0999244c,5 WARNINGS AND PRECAUTIONS > 5.3 Isotretinoin and ABSORICA LD are Not Substitutable,304,0
isotretinoin,5d2dd7a0-015a-4497-8f39-3d4130c97ace,1,42229-5,SPL UNCLASSIFIED SECTION,5.4 Psychiatric Disorders,PSYCHIATRIC DISORDERS,unclassified_with_title,c5b9556d-16ad-4ce3-81fe-317e0999244c,5 WARNINGS AND PRECAUTIONS > 5.4 Psychiatric Disorders,1113,0
isotretinoin,4157ca33-fe80-4858-b32b-3cabc6293b99,1,42229-5,SPL UNCLASSIFIED SECTION,5.5 Intracranial Hypertension (Pseudotumor Cerebri),INTRACRANIAL HYPERTENSION (PSEUDOTUMOR CEREBRI),unclassified_with_title,c5b9556d-16ad-4ce3-81fe-317e0999244c,5 WARNINGS AND PRECAUTIONS > 5.5 Intracranial Hypertension (Pseudotumor Cerebri),615,0
isotretinoin,72b3f8a4-26c5-4d8c-a054-d43c9aedc66a,1,42229-5,SPL UNCLASSIFIED SECTION,5.6 Serious Skin Reactions,SERIOUS SKIN REACTIONS,unclassified_with_title,c5b9556d-16ad-4ce3-81fe-317e0999244c,5 WARNINGS AND PRECAUTIONS > 5.6 Serious Skin Reactions,421,0
isotretinoin,90c29221-79ac-42f1-b209-8913f2ca56ce,1,42229-5,SPL UNCLASSIFIED SECTION,5.7 Pancreatitis,PANCREATITIS,unclassified_with_title,c5b9556d-16ad-4ce3-81fe-317e0999244c,5 WARNINGS AND PRECAUTIONS > 5.7 Pancreatitis,285,0
isotretinoin,dbaec75d-089f-4a7e-9524-57cbf2beefea,1,42229-5,SPL UNCLASSIFIED SECTION,5.8 Lipid Abnormalities,LIPID ABNORMALITIES,unclassified_with_title,c5b9556d-16ad-4ce3-81fe-317e0999244c,5 WARNINGS AND PRECAUTIONS > 5.8 Lipid Abnormalities,1380,0
isotretinoin,36cdf2b2-556d-427c-b2cf-2a266fc69955,1,42229-5,SPL UNCLASSIFIED SECTION,5.9 Hearing Impairment,HEARING IMPAIRMENT,unclassified_with_title,c5b9556d-16ad-4ce3-81fe-317e0999244c,5 WARNINGS AND PRECAUTIONS > 5.9 Hearing Impairment,401,0
isotretinoin,05e0d181-6c53-49c1-aa25-e3848d0fa455,1,42229-5,SPL UNCLASSIFIED SECTION,5.10 Hepatotoxicity,HEPATOTOXICITY,unclassified_with_title,c5b9556d-16ad-4ce3-81fe-317e0999244c,5 WARNINGS AND PRECAUTIONS > 5.10 Hepatotoxicity,444,0
isotretinoin,0e96d81b-0256-443f-b1d7-ff0fc629ee7e,1,42229-5,SPL UNCLASSIFIED SECTION,5.11 Inflammatory Bowel Disease,INFLAMMATORY BOWEL DISEASE,unclassified_with_title,c5b9556d-16ad-4ce3-81fe-317e0999244c,5 WARNINGS AND PRECAUTIONS > 5.11 Inflammatory Bowel Disease,407,0
isotretinoin,8e12f16e-ed76-42cc-b0a5-721897e7d2ab,1,42229-5,SPL UNCLASSIFIED SECTION,5.12 Musculoskeletal Abnormalities,MUSCULOSKELETAL ABNORMALITIES,unclassified_with_title,c5b9556d-16ad-4ce3-81fe-317e0999244c,5 WARNINGS AND PRECAUTIONS > 5.12 Musculoskeletal Abnormalities,4502,0
isotretinoin,3ab916d6-987b-4b48-854b-ce25445347ef,1,42229-5,SPL UNCLASSIFIED SECTION,5.13 Ocular Abnormalities,OCULAR ABNORMALITIES,unclassified_with_title,c5b9556d-16ad-4ce3-81fe-317e0999244c,5 WARNINGS AND PRECAUTIONS > 5.13 Ocular Abnormalities,1157,0
isotretinoin,9a369e00-0202-4ec3-9f41-573bf28d19cb,1,42229-5,SPL UNCLASSIFIED SECTION,5.14 Hypersensitivity Reactions,HYPERSENSITIVITY REACTIONS,unclassified_with_title,c5b9556d-16ad-4ce3-81fe-317e0999244c,5 WARNINGS AND PRECAUTIONS > 5.14 Hypersensitivity Reactions,398,0
isotretinoin,f99cfdc5-1f49-4f82-a46e-d35e925935c5,1,42229-5,SPL UNCLASSIFIED SECTION,5.15 Laboratory Abnormalities and Laboratory Monitoring for Adverse Reactions,LABORATORY ABNORMALITIES AND LABORATORY MONITORING FOR ADVERSE REACTIONS,unclassified_with_title,c5b9556d-16ad-4ce3-81fe-317e0999244c,5 WARNINGS AND PRECAUTIONS > 5.15 Laboratory Abnormalities and Laboratory Monitoring for Adverse Reactions,2238,0
isotretinoin,e61cf612-edd2-49b6-a7f8-ddc67c0033d2,1,42229-5,SPL UNCLASSIFIED SECTION,7.1 Vitamin A,VITAMIN A,unclassified_with_title,d82d9cca-d63d-47c9-9773-fb48e203a5dd,7 DRUG INTERACTIONS > 7.1 Vitamin A,299,0
isotretinoin,90138564-79ba-4791-80d2-a07e7dddd6ff,1,42229-5,SPL UNCLASSIFIED SECTION,7.2 Tetracyclines,TETRACYCLINES,unclassified_with_title,d82d9cca-d63d-47c9-9773-fb48e203a5dd,7 DRUG INTERACTIONS > 7.2 Tetracyclines,291,0
isotretinoin,f12b121a-d657-43de-844a-4c600cd3735e,1,42229-5,SPL UNCLASSIFIED SECTION,7.3 Phenytoin,PHENYTOIN,unclassified_with_title,d82d9cca-d63d-47c9-9773-fb48e203a5dd,7 DRUG INTERACTIONS > 7.3 Phenytoin,252,0
isotretinoin,0503cae5-2e71-4b01-950b-5cfb2496fdbc,1,42229-5,SPL UNCLASSIFIED SECTION,7.4 Systemic Corticosteroids,SYSTEMIC CORTICOSTEROIDS,unclassified_with_title,d82d9cca-d63d-47c9-9773-fb48e203a5dd,7 DRUG INTERACTIONS > 7.4 Systemic Corticosteroids,299,0
isotretinoin,2373a295-f783-4ce9-b4dc-83b7a7d56898,1,42229-5,SPL UNCLASSIFIED SECTION,7.5 Norethindrone and Ethinyl Estradiol,NORETHINDRONE AND ETHINYL ESTRADIOL,unclassified_with_title,d82d9cca-d63d-47c9-9773-fb48e203a5dd,7 DRUG INTERACTIONS > 7.5 Norethindrone and Ethinyl Estradiol,626,0
isotretinoin,38475927-596d-4322-aebb-02b3c4fd4323,1,34091-9,ANIMAL PHARMACOLOGY & OR TOXICOLOGY SECTION,13.2 Animal Toxicology,ANIMAL TOXICOLOGY,coded_but_not_in_mapper,27d3de64-afdb-4c36-af0f-8219f3bb4c12,13 NONCLINICAL TOXICOLOGY > 13.2 Animal Toxicology,801,0
isotretinoin,d0220473-ff17-47de-8dfe-c512fe616fd8,1,42229-5,SPL UNCLASSIFIED SECTION,,,unclassified_no_title,b00e68de-9c90-457d-ab13-5e8498f999bd,PRINCIPAL DISPLAY PANEL > SPL UNCLASSIFIED SECTION,0,0
isotretinoin,8d3af6f1-d93e-43cc-8264-31a95f3a6cae,1,42229-5,SPL UNCLASSIFIED SECTION,,,unclassified_no_title,b00e68de-9c90-457d-ab13-5e8498f999bd,PRINCIPAL DISPLAY PANEL > SPL UNCLASSIFIED SECTION,0,0
isotretinoin,16805181-7718-42e8-a3e9-dc11296f52b2,1,42229-5,SPL UNCLASSIFIED SECTION,,,unclassified_no_title,b00e68de-9c90-457d-ab13-5e8498f999bd,PRINCIPAL DISPLAY PANEL > SPL UNCLASSIFIED SECTION,0,0
isotretinoin,02ef277f-cad9-46b1-86db-e7a61c216939,1,42229-5,SPL UNCLASSIFIED SECTION,,,unclassified_no_title,b00e68de-9c90-457d-ab13-5e8498f999bd,PRINCIPAL DISPLAY PANEL > SPL UNCLASSIFIED SECTION,0,0
isotretinoin,eef20114-ae50-4b17-80d6-d5909f050f77,1,42229-5,SPL UNCLASSIFIED SECTION,,,unclassified_no_title,b00e68de-9c90-457d-ab13-5e8498f999bd,PRINCIPAL DISPLAY PANEL > SPL UNCLASSIFIED SECTION,0,0
isotretinoin,f950aa22-4b25-4465-a17d-b18d271c5256,1,42229-5,SPL UNCLASSIFIED SECTION,,,unclassified_no_title,b00e68de-9c90-457d-ab13-5e8498f999bd,PRINCIPAL DISPLAY PANEL > SPL UNCLASSIFIED SECTION,0,0
isotretinoin,43612bcd-9eb1-40c2-98c2-6b960dc7c64c,1,42229-5,SPL UNCLASSIFIED SECTION,,,unclassified_no_title,b00e68de-9c90-457d-ab13-5e8498f999bd,PRINCIPAL DISPLAY PANEL > SPL UNCLASSIFIED SECTION,0,0
isotretinoin,6aaa2a36-c2ef-4fc9-9ec3-b4cb2a9f5f37,1,42229-5,SPL UNCLASSIFIED SECTION,,,unclassified_no_title,b00e68de-9c90-457d-ab13-5e8498f999bd,PRINCIPAL DISPLAY PANEL > SPL UNCLASSIFIED SECTION,0,0
isotretinoin,17b9ab17-2011-4643-8b37-565d63c0a765,1,42229-5,SPL UNCLASSIFIED SECTION,,,unclassified_no_title,b00e68de-9c90-457d-ab13-5e8498f999bd,PRINCIPAL DISPLAY PANEL > SPL UNCLASSIFIED SECTION,0,0
isotretinoin,b2d154e2-c769-4d8f-ade4-86b0c8774307,1,42229-5,SPL UNCLASSIFIED SECTION,,,unclassified_no_title,b00e68de-9c90-457d-ab13-5e8498f999bd,PRINCIPAL DISPLAY PANEL > SPL UNCLASSIFIED SECTION,0,0
isotretinoin,d64ccebf-6a00-4578-aa76-24416e274a41,1,42229-5,SPL UNCLASSIFIED SECTION,,,unclassified_no_title,b00e68de-9c90-457d-ab13-5e8498f999bd,PRINCIPAL DISPLAY PANEL > SPL UNCLASSIFIED SECTION,0,0
methotrexate,21b1bb12-c286-40f1-b6b1-28cb8c81ab19,1,42229-5,Spl Unclassified Section,1.1 Neoplastic Diseases,NEOPLASTIC DISEASES,unclassified_with_title,1e63b019-1598-4536-a59b-3e297b527de2,1 INDICATIONS AND USAGE > 1.1 Neoplastic Diseases,450,0
methotrexate,2ced78c0-be0d-4bb8-84ec-8e7e64f9013b,1,42229-5,Spl Unclassified Section,1.2 Rheumatoid Arthritis,RHEUMATOID ARTHRITIS,unclassified_with_title,1e63b019-1598-4536-a59b-3e297b527de2,1 INDICATIONS AND USAGE > 1.2 Rheumatoid Arthritis,89,0
methotrexate,c437c996-c4dd-4aa4-8a91-9630109529a1,1,42229-5,Spl Unclassified Section,1.3 Polyarticular Juvenile Idiopathic Arthritis,POLYARTICULAR JUVENILE IDIOPATHIC ARTHRITIS,unclassified_with_title,1e63b019-1598-4536-a59b-3e297b527de2,1 INDICATIONS AND USAGE > 1.3 Polyarticular Juvenile Idiopathic Arthritis,131,0
methotrexate,ec80ab3d-9b5d-4846-a381-2c8a6067d08e,1,42229-5,Spl Unclassified Section,1.4 Psoriasis,PSORIASIS,unclassified_with_title,1e63b019-1598-4536-a59b-3e297b527de2,1 INDICATIONS AND USAGE > 1.4 Psoriasis,85,0
methotrexate,0f40d2b1-01c6-440e-9c7e-e13a38d417f6,1,42229-5,Spl Unclassified Section,2.1 Important Dosage and Safety Information,IMPORTANT DOSAGE AND SAFETY INFORMATION,unclassified_with_title,c919c934-3920-4780-aa98-ab1f394991bf,2 DOSAGE AND ADMINISTRATION > 2.1 Important Dosage and Safety Information,659,0
methotrexate,5a23d669-a042-47cb-be91-915839941b37,1,42229-5,Spl Unclassified Section,2.2 Recommended Dosage for Neoplastic Diseases,RECOMMENDED DOSAGE FOR NEOPLASTIC DISEASES,unclassified_with_title,c919c934-3920-4780-aa98-ab1f394991bf,2 DOSAGE AND ADMINISTRATION > 2.2 Recommended Dosage for Neoplastic Diseases,812,0
methotrexate,afc397f5-3669-4968-9256-f79733de7a10,1,42229-5,Spl Unclassified Section,2.3 Recommended Dosage for Rheumatoid Arthritis,RECOMMENDED DOSAGE FOR RHEUMATOID ARTHRITIS,unclassified_with_title,c919c934-3920-4780-aa98-ab1f394991bf,2 DOSAGE AND ADMINISTRATION > 2.3 Recommended Dosage for Rheumatoid Arthritis,563,0
methotrexate,33a80a69-c401-422a-9c0a-1c4073fd95a4,1,42229-5,Spl Unclassified Section,2.4 Recommended Dosage for Polyarticular Juvenile Idiopathic Arthritis,RECOMMENDED DOSAGE FOR POLYARTICULAR JUVENILE IDIOPATHIC ARTHRITIS,unclassified_with_title,c919c934-3920-4780-aa98-ab1f394991bf,2 DOSAGE AND ADMINISTRATION > 2.4 Recommended Dosage for Polyarticular Juvenile Idiopathic Arthritis,570,0
methotrexate,a48d0762-b1c3-494e-8672-e639395f05aa,1,42229-5,Spl Unclassified Section,2.5 Recommended Dosage for Psoriasis,RECOMMENDED DOSAGE FOR PSORIASIS,unclassified_with_title,c919c934-3920-4780-aa98-ab1f394991bf,2 DOSAGE AND ADMINISTRATION > 2.5 Recommended Dosage for Psoriasis,477,0
methotrexate,f3a66d4e-0607-4d1d-89d8-2ac69eabc4a5,1,42229-5,Spl Unclassified Section,2.6 Dosage Modifications for Adverse Reactions,DOSAGE MODIFICATIONS FOR ADVERSE REACTIONS,unclassified_with_title,c919c934-3920-4780-aa98-ab1f394991bf,2 DOSAGE AND ADMINISTRATION > 2.6 Dosage Modifications for Adverse Reactions,805,0
methotrexate,c2469bb5-557b-4ce6-ae6e-c986005a8471,1,42229-5,Spl Unclassified Section,5.1 Embryo-Fetal Toxicity,EMBRYO-FETAL TOXICITY,unclassified_with_title,73b0cabb-771b-47cf-8b0a-41130e75a1ce,5 WARNINGS AND PRECAUTIONS > 5.1 Embryo-Fetal Toxicity,774,0
methotrexate,cf1de7c2-3fc1-49c4-87c3-79d84e4821e3,1,42229-5,Spl Unclassified Section,5.2 Hypersensitivity Reactions,HYPERSENSITIVITY REACTIONS,unclassified_with_title,73b0cabb-771b-47cf-8b0a-41130e75a1ce,5 WARNINGS AND PRECAUTIONS > 5.2 Hypersensitivity Reactions,298,0
methotrexate,4404260d-bde5-4f53-b8f0-eca6e1988e38,1,42229-5,Spl Unclassified Section,5.3 Myelosuppression,MYELOSUPPRESSION,unclassified_with_title,73b0cabb-771b-47cf-8b0a-41130e75a1ce,5 WARNINGS AND PRECAUTIONS > 5.3 Myelosuppression,646,0
methotrexate,b2877678-3b54-4d46-96af-e95f4affe966,1,42229-5,Spl Unclassified Section,5.4 Gastrointestinal Toxicity,GASTROINTESTINAL TOXICITY,unclassified_with_title,73b0cabb-771b-47cf-8b0a-41130e75a1ce,5 WARNINGS AND PRECAUTIONS > 5.4 Gastrointestinal Toxicity,751,0
methotrexate,e5eaf5d0-bf48-4c4b-b13e-f4b921e7fd36,1,42229-5,Spl Unclassified Section,5.5 Hepatotoxicity,HEPATOTOXICITY,unclassified_with_title,73b0cabb-771b-47cf-8b0a-41130e75a1ce,5 WARNINGS AND PRECAUTIONS > 5.5 Hepatotoxicity,966,0
methotrexate,621fcfec-0ca8-4bb7-86bb-ee5a51372b78,1,42229-5,Spl Unclassified Section,5.6 Pulmonary Toxicity,PULMONARY TOXICITY,unclassified_with_title,73b0cabb-771b-47cf-8b0a-41130e75a1ce,5 WARNINGS AND PRECAUTIONS > 5.6 Pulmonary Toxicity,508,0
methotrexate,aa76b615-afee-43f1-8523-d2427369641f,1,42229-5,Spl Unclassified Section,5.7 Dermatologic Reactions,DERMATOLOGIC REACTIONS,unclassified_with_title,73b0cabb-771b-47cf-8b0a-41130e75a1ce,5 WARNINGS AND PRECAUTIONS > 5.7 Dermatologic Reactions,888,0
methotrexate,c1b930b6-53ba-4133-a7f2-9b1d4eecc9c9,1,42229-5,Spl Unclassified Section,5.8 Renal Toxicity,RENAL TOXICITY,unclassified_with_title,73b0cabb-771b-47cf-8b0a-41130e75a1ce,5 WARNINGS AND PRECAUTIONS > 5.8 Renal Toxicity,782,0
methotrexate,5826a089-7782-4877-aa30-8d281e84f633,1,42229-5,Spl Unclassified Section,5.9 Risk of Serious Adverse Reactions with Medication Error,RISK OF SERIOUS ADVERSE REACTIONS WITH MEDICATION ERROR,unclassified_with_title,73b0cabb-771b-47cf-8b0a-41130e75a1ce,5 WARNINGS AND PRECAUTIONS > 5.9 Risk of Serious Adverse Reactions with Medication Error,366,0
methotrexate,a9f1666f-614f-497d-993f-0a379ea15b1f,1,42229-5,Spl Unclassified Section,5.11 Serious Infections,SERIOUS INFECTIONS,unclassified_with_title,73b0cabb-771b-47cf-8b0a-41130e75a1ce,5 WARNINGS AND PRECAUTIONS > 5.11 Serious Infections,812,0
methotrexate,20fbd7eb-bb19-4244-81fe-a3ef333c1012,1,42229-5,Spl Unclassified Section,5.12 Neurotoxicity,NEUROTOXICITY,unclassified_with_title,73b0cabb-771b-47cf-8b0a-41130e75a1ce,5 WARNINGS AND PRECAUTIONS > 5.12 Neurotoxicity,573,0
methotrexate,09d0bcbb-2cfb-4367-b035-5f7a575f9439,1,42229-5,Spl Unclassified Section,5.13 Secondary Malignancies,SECONDARY MALIGNANCIES,unclassified_with_title,73b0cabb-771b-47cf-8b0a-41130e75a1ce,5 WARNINGS AND PRECAUTIONS > 5.13 Secondary Malignancies,496,0
methotrexate,35a74a6a-59b9-44a1-9a35-e02d3b4e74f1,1,42229-5,Spl Unclassified Section,5.14 Tumor Lysis Syndrome,TUMOR LYSIS SYNDROME,unclassified_with_title,73b0cabb-771b-47cf-8b0a-41130e75a1ce,5 WARNINGS AND PRECAUTIONS > 5.14 Tumor Lysis Syndrome,219,0
methotrexate,094c585d-f488-43a0-8118-8c64a5232561,1,42229-5,Spl Unclassified Section,5.15 Immunization and Risks Associated with Live Vaccines,IMMUNIZATION AND RISKS ASSOCIATED WITH LIVE VACCINES,unclassified_with_title,73b0cabb-771b-47cf-8b0a-41130e75a1ce,5 WARNINGS AND PRECAUTIONS > 5.15 Immunization and Risks Associated with Live Vaccines,547,0
methotrexate,d400def7-53c2-4f53-953c-37159ebad078,1,42229-5,Spl Unclassified Section,5.16 Infertility,INFERTILITY,unclassified_with_title,73b0cabb-771b-47cf-8b0a-41130e75a1ce,5 WARNINGS AND PRECAUTIONS > 5.16 Infertility,292,0
methotrexate,981bb385-92c0-4b81-b2e7-9bf5fa719742,1,42229-5,Spl Unclassified Section,5.17 Increased Risk of Adverse Reactions Due to Third-Space Accumulation,INCREASED RISK OF ADVERSE REACTIONS DUE TO THIRD-SPACE ACCUMULATION,unclassified_with_title,73b0cabb-771b-47cf-8b0a-41130e75a1ce,5 WARNINGS AND PRECAUTIONS > 5.17 Increased Risk of Adverse Reactions Due to Third-Space Accumulation,468,0
methotrexate,0c0b1304-4fad-4d52-ae87-a316a0516b1d,1,42229-5,Spl Unclassified Section,7.1 Effects of Other Drugs on Methotrexate,EFFECTS OF OTHER DRUGS ON METHOTREXATE,unclassified_with_title,80d2078d-c959-4cec-8b6e-8bc484de2b3f,7 DRUG INTERACTIONS > 7.1 Effects of Other Drugs on Methotrexate,1904,0
